Date,RESELE , ,,STORAGE , ,,RESCHG , ,,PPTINC , ,,
 ,FEET, ,AF, ,AF, ,INCHES, ,
06/07/2003,124624,,
06/08/2003,124510,,
06/09/2003,124328,,
06/10/2003,124579,,
06/11/2003,124510,,
06/12/2003,124396,,
06/13/2003,124419,,
06/14/2003,124260,,
06/15/2003,124169,,
06/16/2003,124146,,
06/17/2003,124214,,
06/18/2003,124260,,
06/19/2003,124214,,
06/20/2003,124124,,
06/21/2003,124033,,
06/22/2003,123942,,
06/23/2003,123964,,
06/24/2003,123874,,
06/25/2003,123851,,
06/26/2003,123874,,
06/27/2003,123783,,
06/28/2003,123624,,
06/29/2003,123692,,
06/30/2003,123556,,
07/01/2003,123692,,
07/02/2003,123510,,
07/03/2003,123488,,
07/04/2003,123601,,
07/05/2003,123556,,
07/06/2003,123351,,
07/07/2003,123215,,
07/08/2003,123261,,
07/09/2003,123442,,
07/10/2003,123283,,
07/11/2003,123125,,
07/12/2003,123261,,
07/13/2003,123170,,
07/14/2003,123057,,
07/15/2003,123079,,
07/16/2003,122921,,
07/17/2003,122830,,
07/18/2003,122944,,
07/19/2003,122762,,
07/20/2003,122740,,
07/21/2003,122808,,
07/22/2003,122808,,
07/23/2003,122694,,
07/24/2003,122649,,
07/25/2003,122627,,
07/26/2003,122491,,
07/27/2003,122355,,
07/28/2003,122310,,
07/29/2003,122513,,
07/30/2003,122287,,
07/31/2003,122265,,
08/01/2003,122333,,
08/02/2003,122265,,
08/03/2003,122107,,
08/04/2003,122220,,
08/05/2003,122084,,
08/06/2003,121994,,
08/07/2003,121836,,
08/08/2003,121948,,
08/09/2003,121790,,
08/10/2003,121813,,
08/11/2003,121790,,
08/12/2003,121520,,
08/13/2003,121452,,
08/14/2003,121069,,
08/15/2003,120867,,
08/16/2003,120529,,
08/17/2003,120103,,
08/18/2003,119609,,
08/19/2003,118982,,
08/20/2003,118491,,
08/21/2003,118000,,
08/22/2003,117576,,
08/23/2003,117220,,
08/24/2003,117020,,
08/25/2003,116731,,
08/26/2003,116576,,
08/27/2003,116398,,
08/28/2003,116332,,
08/29/2003,116110,,
08/30/2003,116132,,
08/31/2003,115955,,
09/01/2003,115866,,
09/02/2003,115689,,
09/03/2003,115557,,
09/04/2003,115424,,
09/05/2003,115181,,
09/06/2003,115114,,
09/07/2003,114893,,
09/08/2003,114695,,
09/09/2003,114430,,
09/10/2003,114474,,
09/11/2003,114452,,
09/12/2003,114408,,
09/13/2003,114320,,
09/14/2003,114298,,
09/15/2003,114276,,
09/16/2003,114254,,
09/17/2003,114144,,
09/18/2003,114034,,
09/19/2003,114144,,
09/20/2003,114034,,
09/21/2003,114144,,
09/22/2003,113946,,
09/23/2003,113946,,
09/24/2003,113880,,
09/25/2003,113814,,
09/26/2003,113748,,
09/27/2003,113704,,
09/28/2003,113682,,
09/29/2003,113550,,
09/30/2003,113594,,
10/01/2003,113418,,
10/02/2003,113484,,
10/03/2003,113506,,
10/04/2003,113528,,
10/05/2003,113572,,
10/06/2003,113396,,
10/07/2003,113484,,
10/08/2003,113308,,
10/09/2003,113440,,
10/10/2003,113330,,
10/11/2003,113352,,
10/12/2003,113374,,
10/13/2003,113308,,
10/14/2003,113308,,
10/15/2003,113352,,
10/16/2003,113572,,
10/17/2003,113660,,
10/18/2003,113880,,
10/19/2003,114012,,
10/20/2003,114100,,
10/21/2003,114452,,
10/22/2003,114562,,
10/23/2003,114629,,
10/24/2003,114893,,
10/25/2003,114761,,
10/26/2003,114232,,
10/27/2003,114188,,
10/28/2003,114629,,
10/29/2003,115357,,
10/30/2003,115446,,
10/31/2003,115601,,
11/01/2003,115756,,
11/02/2003,115911,,
11/03/2003,116154,,
11/04/2003,116576,,
11/05/2003,116842,,
11/06/2003,117131,,
11/07/2003,117420,,
11/08/2003,117599,,
11/09/2003,117532,,
11/10/2003,117710,,
11/11/2003,117888,,
11/12/2003,118067,,
11/13/2003,118401,,
11/14/2003,118602,,
11/15/2003,118937,,
11/16/2003,118602,,
11/17/2003,118915,,
11/18/2003,118915,,
11/19/2003,118915,,
11/20/2003,118893,,
11/21/2003,118893,,
11/22/2003,118915,,
11/23/2003,118915,,
11/24/2003,118915,,
11/25/2003,118937,,
11/26/2003,118803,,
11/27/2003,118357,,
11/28/2003,117777,,
11/29/2003,117242,,
11/30/2003,116554,,
12/01/2003,115579,,
12/02/2003,114717,,
12/03/2003,114012,,
12/04/2003,113352,,
12/05/2003,113044,,
12/06/2003,112168,,
12/07/2003,111599,,
12/08/2003,111206,,
12/09/2003,110683,,
12/10/2003,110247,,
12/11/2003,110008,,
12/12/2003,109639,,
12/13/2003,109422,,
12/14/2003,109096,,
12/15/2003,108858,,
12/16/2003,108685,,
12/17/2003,108641,,
12/18/2003,108209,,
12/19/2003,107712,,
12/20/2003,107281,,
12/21/2003,106850,,
12/22/2003,106418,,
12/23/2003,106893,,
12/24/2003,106461,,
12/25/2003,106396,,
12/26/2003,106203,,
12/27/2003,106182,,
12/28/2003,105967,,
12/29/2003,106504,,
12/30/2003,107496,,
12/31/2003,108360,,
01/01/2004,109205,,
01/02/2004,110138,,
01/03/2004,111031,,
01/04/2004,111883,,
01/05/2004,112869,,
01/06/2004,113836,,
01/07/2004,114629,,
01/08/2004,115291,,
01/09/2004,115778,,
01/10/2004,116132,,
01/11/2004,116398,,
01/12/2004,116976,,
01/13/2004,117354,,
01/14/2004,117621,,
01/15/2004,117799,,
01/16/2004,118022,,
01/17/2004,118401,,
01/18/2004,118625,,
01/19/2004,118915,,
01/20/2004,119184,,
01/21/2004,119452,,
01/22/2004,119587,,
01/23/2004,119587,,
01/24/2004,119609,,
01/25/2004,119609,,
01/26/2004,119744,,
01/27/2004,119587,,
01/28/2004,119766,,
01/29/2004,119721,,
01/30/2004,119699,,
01/31/2004,119788,,
02/01/2004,119856,,
02/02/2004,119878,,
02/03/2004,119968,,
02/04/2004,120103,,
02/05/2004,120417,,
02/06/2004,120642,,
02/07/2004,120597,,
02/08/2004,120687,,
02/09/2004,120934,,
02/10/2004,120844,,
02/11/2004,120979,,
02/12/2004,120957,,
02/13/2004,120889,,
02/14/2004,120912,,
02/15/2004,120889,,
02/16/2004,120912,,
02/17/2004,120934,,
02/18/2004,121137,,
02/19/2004,121339,,
02/20/2004,121407,,
02/21/2004,121430,,
02/22/2004,121723,,
02/23/2004,121881,,
02/24/2004,121948,,
02/25/2004,122129,,
02/26/2004,122220,,
02/27/2004,122220,,
02/28/2004,122152,,
02/29/2004,122242,,
03/01/2004,122310,,
03/02/2004,122446,,
03/03/2004,122513,,
03/04/2004,122559,,
03/05/2004,122672,,
03/06/2004,122581,,
03/07/2004,122604,,
03/08/2004,122649,,
03/09/2004,122785,,
03/10/2004,122581,,
03/11/2004,122491,,
03/12/2004,122423,,
03/13/2004,122468,,
03/14/2004,122446,,
03/15/2004,122491,,
03/16/2004,122423,,
03/17/2004,122423,,
03/18/2004,122333,,
03/19/2004,122310,,
03/20/2004,122265,,
03/21/2004,122355,,
03/22/2004,122378,,
03/23/2004,122333,,
03/24/2004,122491,,
03/25/2004,122400,,
03/26/2004,122423,,
03/27/2004,122310,,
03/28/2004,122310,,
03/29/2004,122333,,
03/30/2004,122355,,
03/31/2004,122355,,
04/01/2004,122220,,
04/02/2004,122265,,
04/03/2004,122107,,
04/04/2004,122242,,
04/05/2004,122084,,
04/06/2004,122084,,
04/07/2004,122152,,
04/08/2004,122107,,
04/09/2004,122129,,
04/10/2004,122197,,
04/11/2004,122174,,
04/12/2004,122265,,
04/13/2004,121881,,
04/14/2004,121813,,
04/15/2004,121881,,
04/16/2004,121497,,
04/17/2004,121497,,
04/18/2004,121407,,
04/19/2004,121407,,
04/20/2004,121385,,
04/21/2004,121272,,
04/22/2004,121294,,
04/23/2004,121362,,
04/24/2004,121385,,
04/25/2004,121272,,
04/26/2004,121317,,
04/27/2004,121317,,
04/28/2004,121339,,
04/29/2004,121339,,
04/30/2004,121204,,
05/01/2004,121249,,
05/02/2004,121137,,
05/03/2004,121069,,
05/04/2004,121204,,
05/05/2004,121159,,
05/06/2004,121047,,
05/07/2004,120979,,
05/08/2004,121047,,
05/09/2004,121024,,
05/10/2004,120957,,
05/11/2004,121069,,
05/12/2004,121092,,
05/13/2004,120822,,
05/14/2004,120754,,
05/15/2004,120867,,
05/16/2004,120754,,
05/17/2004,120754,,
05/18/2004,120732,,
05/19/2004,120822,,
05/20/2004,120822,,
05/21/2004,120709,,
05/22/2004,120687,,
05/23/2004,120619,,
05/24/2004,120619,,
05/25/2004,120687,,
05/26/2004,120642,,
05/27/2004,120619,,
05/28/2004,120529,,
05/29/2004,120529,,
05/30/2004,120597,,
05/31/2004,120597,,
06/01/2004,120507,,
06/02/2004,120574,,
06/03/2004,120484,,
06/04/2004,120394,,
06/05/2004,120529,,
06/06/2004,119744,,
06/07/2004,119072,,
06/08/2004,118334,,
06/09/2004,118111,,
06/10/2004,118022,,
06/11/2004,118089,,
06/12/2004,118133,,
06/13/2004,117977,,
06/14/2004,118022,,
06/15/2004,117933,,
06/16/2004,117933,,
06/17/2004,118156,,
06/18/2004,118133,,
06/19/2004,118089,,
06/20/2004,118089,,
06/21/2004,118089,,
06/22/2004,118133,,
06/23/2004,117933,,
06/24/2004,117910,,
06/25/2004,117844,,
06/26/2004,117866,,
06/27/2004,117732,,
06/28/2004,117821,,
06/29/2004,117754,,
06/30/2004,117754,,
07/01/2004,117777,,
07/02/2004,117732,,
07/03/2004,117799,,
07/04/2004,117799,,
07/05/2004,117799,,
07/06/2004,117933,,
07/07/2004,117799,,
07/08/2004,117643,,
07/09/2004,117087,,
07/10/2004,117042,,
07/11/2004,116953,,
07/12/2004,117087,,
07/13/2004,116998,,
07/14/2004,117176,,
07/15/2004,116909,,
07/16/2004,116665,,
07/17/2004,116731,,
07/18/2004,116687,,
07/19/2004,116731,,
07/20/2004,116753,,
07/21/2004,116798,,
07/22/2004,117020,,
07/23/2004,117087,,
07/24/2004,117420,,
07/25/2004,117576,,
07/26/2004,117710,,
07/27/2004,116976,,
07/28/2004,117398,,
07/29/2004,117443,,
07/30/2004,117131,,
07/31/2004,116687,,
08/01/2004,116443,,
08/02/2004,116287,,
08/03/2004,116287,,
08/04/2004,116332,,
08/05/2004,116243,,
08/06/2004,116265,,
08/07/2004,116310,,
08/08/2004,116310,,
08/09/2004,115800,,
08/10/2004,115490,,
08/11/2004,115645,,
08/12/2004,115800,,
08/13/2004,115689,,
08/14/2004,115756,,
08/15/2004,115800,,
08/16/2004,115689,,
08/17/2004,115689,,
08/18/2004,115689,,
08/19/2004,115357,,
08/20/2004,115468,,
08/21/2004,115579,,
08/22/2004,115579,,
08/23/2004,115601,,
08/24/2004,115579,,
08/25/2004,115844,,
08/26/2004,116110,,
08/27/2004,115446,,
08/28/2004,115734,,
08/29/2004,115955,,
08/30/2004,116243,,
08/31/2004,116354,,
09/01/2004,116576,,
09/02/2004,116243,,
09/03/2004,116243,,
09/04/2004,116243,,
09/05/2004,116465,,
09/06/2004,116243,,
09/07/2004,116021,,
09/08/2004,116021,,
09/09/2004,116243,,
09/10/2004,116243,,
09/11/2004,116310,,
09/12/2004,116354,,
09/13/2004,116398,,
09/14/2004,116421,,
09/15/2004,116398,,
09/16/2004,116021,,
09/17/2004,116021,,
09/18/2004,116132,,
09/19/2004,116132,,
09/20/2004,116132,,
09/21/2004,115911,,
09/22/2004,115800,,
09/23/2004,115800,,
09/24/2004,115800,,
09/25/2004,115866,,
09/26/2004,115911,,
09/27/2004,115911,,
09/28/2004,116421,,
09/29/2004,116421,,
09/30/2004,116421,,
10/01/2004,116243,,
10/02/2004,116421,,
10/03/2004,116021,,
10/04/2004,115800,,
10/05/2004,115689,,
10/06/2004,115933,,
10/07/2004,116044,,
10/08/2004,116044,,
10/09/2004,116044,,
10/10/2004,116021,,
10/11/2004,116044,,
10/12/2004,116088,,
10/13/2004,115999,,
10/14/2004,116044,,
10/15/2004,115933,,
10/16/2004,115866,,
10/17/2004,115866,,
10/18/2004,116199,,
10/19/2004,116354,,
10/20/2004,117265,,
10/21/2004,117509,,
10/22/2004,118000,,
10/23/2004,118446,,
10/24/2004,118893,,
10/25/2004,119385,,
10/26/2004,119878,,
10/27/2004,120642,,
10/28/2004,120844,,
10/29/2004,121520,,
10/30/2004,122016,,
10/31/2004,122016,,
11/01/2004,122129,,
11/02/2004,122446,,
11/03/2004,122944,,
11/04/2004,122944,,
11/05/2004,123011,,
11/06/2004,122966,,
11/07/2004,122876,,
11/08/2004,122944,,
11/09/2004,122944,,
11/10/2004,122876,,
11/11/2004,122944,,
11/12/2004,123011,,
11/13/2004,122944,,
11/14/2004,122762,,
11/15/2004,122830,,
11/16/2004,122694,,
11/17/2004,122830,,
11/18/2004,122876,,
11/19/2004,122830,,
11/20/2004,123011,,
11/21/2004,123079,,
11/22/2004,123125,,
11/23/2004,123329,,
11/24/2004,123442,,
11/25/2004,123442,,
11/26/2004,123442,,
11/27/2004,123442,,
11/28/2004,123510,,
11/29/2004,123442,,
11/30/2004,123624,,
12/01/2004,123442,,
12/02/2004,123624,,
12/03/2004,123442,,
12/04/2004,123442,,
12/05/2004,123329,,
12/06/2004,123442,,
12/07/2004,123442,,
12/08/2004,123442,,
12/09/2004,123442,,
12/10/2004,123442,,
12/11/2004,123442,,
12/12/2004,123442,,
12/13/2004,123442,,
12/14/2004,123442,,
12/15/2004,123442,,
12/16/2004,123442,,
12/17/2004,122513,,
12/18/2004,122491,,
12/19/2004,122491,,
12/20/2004,122265,,
12/21/2004,122265,,
12/22/2004,122378,,
12/23/2004,122513,,
12/24/2004,122378,,
12/25/2004,123442,,
12/26/2004,122830,,
12/27/2004,122830,,
12/28/2004,123193,,
12/29/2004,123442,,
12/30/2004,123442,,
12/31/2004,123510,,
01/01/2005,123669,,
01/02/2005,123692,,
01/03/2005,124010,,
01/04/2005,124328,,
01/05/2005,124829,,
01/06/2005,125377,,
01/07/2005,126383,,
01/08/2005,126635,,
01/09/2005,127208,,
01/10/2005,127461,,
01/11/2005,127461,,
01/12/2005,127644,,
01/13/2005,127139,,
01/14/2005,125880,,
01/15/2005,124624,,
01/16/2005,123442,,
01/17/2005,122378,,
01/18/2005,121836,,
01/19/2005,121452,,
01/20/2005,120957,,
01/21/2005,120350,,
01/22/2005,119856,,
01/23/2005,119228,,
01/24/2005,118736,,
01/25/2005,118245,,
01/26/2005,117821,,
01/27/2005,117443,,
01/28/2005,117153,,
01/29/2005,116487,,
01/30/2005,116354,,
01/31/2005,115933,,
02/01/2005,115800,,
02/02/2005,115623,,
02/03/2005,115512,,
02/04/2005,115269,,
02/05/2005,115136,,
02/06/2005,114960,,
02/07/2005,115070,,
02/08/2005,115136,,
02/09/2005,115070,,
02/10/2005,115269,,
02/11/2005,115269,,
02/12/2005,115446,,
02/13/2005,115557,,
02/14/2005,115446,,
02/15/2005,115380,,
02/16/2005,115380,,
02/17/2005,115380,,
02/18/2005,115512,,
02/19/2005,116110,,
02/20/2005,115999,,
02/21/2005,116421,,
02/22/2005,116665,,
02/23/2005,116909,,
02/24/2005,116021,,
02/25/2005,116531,,
02/26/2005,116776,,
02/27/2005,116909,,
02/28/2005,116909,,
03/01/2005,116909,,
03/02/2005,116776,,
03/03/2005,116909,,
03/04/2005,116976,,
03/05/2005,116909,,
03/06/2005,116909,,
03/07/2005,116909,,
03/08/2005,117020,,
03/09/2005,116909,,
03/10/2005,116909,,
03/11/2005,116909,,
03/12/2005,116776,,
03/13/2005,116731,,
03/14/2005,116776,,
03/15/2005,116776,,
03/16/2005,117220,,
03/17/2005,117576,,
03/18/2005,117754,,
03/19/2005,118245,,
03/20/2005,118491,,
03/21/2005,118870,,
03/22/2005,119363,,
03/23/2005,119721,,
03/24/2005,119788,,
03/25/2005,120282,,
03/26/2005,120462,,
03/27/2005,121024,,
03/28/2005,121272,,
03/29/2005,121700,,
03/30/2005,121836,,
03/31/2005,122129,,
04/01/2005,122265,,
04/02/2005,122694,,
04/03/2005,122830,,
04/04/2005,123011,,
04/05/2005,123442,,
04/06/2005,123442,,
04/07/2005,123624,,
04/08/2005,123942,,
04/09/2005,124124,,
04/10/2005,124328,,
04/11/2005,124442,,
04/12/2005,124624,,
04/13/2005,124829,,
04/14/2005,125081,,
04/15/2005,125195,,
04/16/2005,125263,,
04/17/2005,125332,,
04/18/2005,125377,,
04/19/2005,125081,,
04/20/2005,125195,,
04/21/2005,124944,,
04/22/2005,125377,,
04/23/2005,125126,,
04/24/2005,125195,,
04/25/2005,125126,,
04/26/2005,125377,,
04/27/2005,125377,,
04/28/2005,125583,,
04/29/2005,125446,,
04/30/2005,125377,,
05/01/2005,125446,,
05/02/2005,125492,,
05/03/2005,125446,,
05/04/2005,125377,,
05/05/2005,125377,,
05/06/2005,125583,,
05/07/2005,125514,,
05/08/2005,125697,,
05/09/2005,125880,,
05/10/2005,125880,,
05/11/2005,125766,,
05/12/2005,125766,,
05/13/2005,125629,,
05/14/2005,125697,,
05/15/2005,125697,,
05/16/2005,125514,,
05/17/2005,125697,,
05/18/2005,125766,,
05/19/2005,125446,,
05/20/2005,125697,,
05/21/2005,125377,,
05/22/2005,125377,,
05/23/2005,125377,,
05/24/2005,125377,,
05/25/2005,125377,,
05/26/2005,125332,,
05/27/2005,125126,,
05/28/2005,125377,,
05/29/2005,125126,,
05/30/2005,125126,,
05/31/2005,125126,,
06/01/2005,124944,,
06/02/2005,124944,,
06/03/2005,124944,,
06/04/2005,124875,,
06/05/2005,124875,,
06/06/2005,124829,,
06/07/2005,124875,,
06/08/2005,124829,,
06/09/2005,124829,,
06/10/2005,124829,,
06/11/2005,124829,,
06/12/2005,124693,,
06/13/2005,124624,,
06/14/2005,124579,,
06/15/2005,124579,,
06/16/2005,124442,,
06/17/2005,124579,,
06/18/2005,124579,,
06/19/2005,124556,,
06/20/2005,124260,,
06/21/2005,124579,,
06/22/2005,124579,,
06/23/2005,124374,,
06/24/2005,124328,,
06/25/2005,124260,,
06/26/2005,124374,,
06/27/2005,124214,,
06/28/2005,124124,,
06/29/2005,124192,,
06/30/2005,124124,,
07/01/2005,123874,,
07/02/2005,124078,,
07/03/2005,124010,,
07/04/2005,124078,,
07/05/2005,123942,,
07/06/2005,123874,,
07/07/2005,123874,,
07/08/2005,123874,,
07/09/2005,123874,,
07/10/2005,123760,,
07/11/2005,123828,,
07/12/2005,123874,,
07/13/2005,123874,,
07/14/2005,123624,,
07/15/2005,123578,,
07/16/2005,123624,,
07/17/2005,123828,,
07/18/2005,123624,,
07/19/2005,123624,,
07/20/2005,123692,,
07/21/2005,123442,,
07/22/2005,123510,,
07/23/2005,123510,,
07/24/2005,123442,,
07/25/2005,123442,,
07/26/2005,123442,,
07/27/2005,123442,,
07/28/2005,123079,,
07/29/2005,122694,,
07/30/2005,122446,,
07/31/2005,122378,,
08/01/2005,122287,,
08/02/2005,122197,,
08/03/2005,121881,,
08/04/2005,121881,,
08/05/2005,121385,,
08/06/2005,121272,,
08/07/2005,121137,,
08/08/2005,121092,,
08/09/2005,120709,,
08/10/2005,120642,,
08/11/2005,120394,,
08/12/2005,120035,,
08/13/2005,120035,,
08/14/2005,119676,,
08/15/2005,119228,,
08/16/2005,118245,,
08/17/2005,117509,,
08/18/2005,116665,,
08/19/2005,115800,,
08/20/2005,115070,,
08/21/2005,114298,,
08/22/2005,113330,,
08/23/2005,112606,,
08/24/2005,111752,,
08/25/2005,110857,,
08/26/2005,110138,,
08/27/2005,109010,,
08/28/2005,108360,,
08/29/2005,107281,,
08/30/2005,106761,,
08/31/2005,105689,,
09/01/2005,104748,,
09/02/2005,103938,,
09/03/2005,102769,,
09/04/2005,101710,,
09/05/2005,100317,,
09/06/2005,99623,,
09/07/2005,98764,,
09/08/2005,97969,,
09/09/2005,97114,,
09/10/2005,96200,,
09/11/2005,95620,,
09/12/2005,94937,,
09/13/2005,94092,,
09/14/2005,93413,,
09/15/2005,92675,,
09/16/2005,92123,,
09/17/2005,91327,,
09/18/2005,90555,,
09/19/2005,89885,,
09/20/2005,89501,,
09/21/2005,88613,,
09/22/2005,87949,,
09/23/2005,87007,,
09/24/2005,86069,,
09/25/2005,85313,,
09/26/2005,84500,,
09/27/2005,83730,,
09/28/2005,83296,,
09/29/2005,82119,,
09/30/2005,81572,,
10/01/2005,80676,,
10/02/2005,79765,,
10/03/2005,79185,,
10/04/2005,78646,,
10/05/2005,78223,,
10/06/2005,77591,,
10/07/2005,77706,,
10/08/2005,77323,,
10/09/2005,77132,,
10/10/2005,76751,,
10/11/2005,77323,,
10/12/2005,78012,,
10/13/2005,78070,,
10/14/2005,77552,,
10/15/2005,76294,,
10/16/2005,76294,,
10/17/2005,76389,,
10/18/2005,76503,,
10/19/2005,76541,,
10/20/2005,76560,,
10/21/2005,76560,,
10/22/2005,77380,,
10/23/2005,77438,,
10/24/2005,77380,,
10/25/2005,77438,,
10/26/2005,76389,,
10/27/2005,76294,,
10/28/2005,76123,,
10/29/2005,75877,,
10/30/2005,75498,,
10/31/2005,75195,,
11/01/2005,74667,,
11/02/2005,74047,,
11/03/2005,73803,,
11/04/2005,73428,,
11/05/2005,72366,,
11/06/2005,72366,,
11/07/2005,72254,,
11/08/2005,72217,,
11/09/2005,72366,,
11/10/2005,72254,,
11/11/2005,72143,,
11/12/2005,72068,,
11/13/2005,72068,,
11/14/2005,72068,,
11/15/2005,72068,,
11/16/2005,72050,,
11/17/2005,72310,,
11/18/2005,71902,,
11/19/2005,71902,,
11/20/2005,70830,,
11/21/2005,70388,,
11/22/2005,69472,,
11/23/2005,68832,,
11/24/2005,68723,,
11/25/2005,68669,,
11/26/2005,68723,,
11/27/2005,67982,,
11/28/2005,67784,,
11/29/2005,67784,,
11/30/2005,67388,,
12/01/2005,67083,,
12/02/2005,66707,,
12/03/2005,66886,,
12/04/2005,66689,,
12/05/2005,66457,,
12/06/2005,66154,,
12/07/2005,65816,,
12/08/2005,65621,,
12/09/2005,65231,,
12/10/2005,65036,,
12/11/2005,64983,,
12/12/2005,64648,,
12/13/2005,64313,,
12/14/2005,63541,,
12/15/2005,62531,,
12/16/2005,61544,,
12/17/2005,60976,,
12/18/2005,60547,,
12/19/2005,60445,,
12/20/2005,60291,,
12/21/2005,60205,,
12/22/2005,59847,,
12/23/2005,59660,,
12/24/2005,59660,,
12/25/2005,59660,,
12/26/2005,59507,,
12/27/2005,59558,,
12/28/2005,59609,,
12/29/2005,59881,,
12/30/2005,59694,,
12/31/2005,60069,,
01/01/2006,60308,,
01/02/2006,60496,,
01/03/2006,60582,,
01/04/2006,60925,,
01/05/2006,61148,,
01/06/2006,61441,,
01/07/2006,62444,,
01/08/2006,63489,,
01/09/2006,63979,,
01/10/2006,64366,,
01/11/2006,64701,,
01/12/2006,65231,,
01/13/2006,65514,,
01/14/2006,66012,,
01/15/2006,66457,,
01/16/2006,66886,,
01/17/2006,66797,,
01/18/2006,66546,,
01/19/2006,66654,,
01/20/2006,66546,,
01/21/2006,66332,,
01/22/2006,66297,,
01/23/2006,66350,,
01/24/2006,66154,,
01/25/2006,66012,,
01/26/2006,66012,,
01/27/2006,66012,,
01/28/2006,66012,,
01/29/2006,66012,,
01/30/2006,66065,,
01/31/2006,66065,,
02/01/2006,65816,,
02/02/2006,66012,,
02/03/2006,66012,,
02/04/2006,66065,,
02/05/2006,66012,,
02/06/2006,66207,,
02/07/2006,65816,,
02/08/2006,65514,,
02/09/2006,65709,,
02/10/2006,65674,,
02/11/2006,66012,,
02/12/2006,65514,,
02/13/2006,65426,,
02/14/2006,65426,,
02/15/2006,65514,,
02/16/2006,65426,,
02/17/2006,65284,,
02/18/2006,65178,,
02/19/2006,65178,,
02/20/2006,65036,,
02/21/2006,65036,,
02/22/2006,65036,,
02/23/2006,65284,,
02/24/2006,65514,,
02/25/2006,65231,,
02/26/2006,65567,,
02/27/2006,65567,,
02/28/2006,65709,,
03/01/2006,65763,,
03/02/2006,65709,,
03/03/2006,66154,,
03/04/2006,66546,,
03/05/2006,66743,,
03/06/2006,67676,,
03/07/2006,67928,,
03/08/2006,68325,,
03/09/2006,68578,,
03/10/2006,68925,,
03/11/2006,69180,,
03/12/2006,69217,,
03/13/2006,69180,,
03/14/2006,69180,,
03/15/2006,69417,,
03/16/2006,69930,,
03/17/2006,70131,,
03/18/2006,70278,,
03/19/2006,70535,,
03/20/2006,70535,,
03/21/2006,70480,,
03/22/2006,70590,,
03/23/2006,70793,,
03/24/2006,70996,,
03/25/2006,71032,,
03/26/2006,71199,,
03/27/2006,71199,,
03/28/2006,70535,,
03/29/2006,70793,,
03/30/2006,70682,,
03/31/2006,70830,,
04/01/2006,70830,,
04/02/2006,70830,,
04/03/2006,70996,,
04/04/2006,71032,,
04/05/2006,71143,,
04/06/2006,71143,,
04/07/2006,70940,,
04/08/2006,71143,,
04/09/2006,71143,,
04/10/2006,71143,,
04/11/2006,71143,,
04/12/2006,71032,,
04/13/2006,71032,,
04/14/2006,71143,,
04/15/2006,70940,,
04/16/2006,71143,,
04/17/2006,71199,,
04/18/2006,71032,,
04/19/2006,70996,,
04/20/2006,70940,,
04/21/2006,70940,,
04/22/2006,70940,,
04/23/2006,70885,,
04/24/2006,70940,,
04/25/2006,70830,,
04/26/2006,70830,,
04/27/2006,70996,,
04/28/2006,70940,,
04/29/2006,70830,,
04/30/2006,70830,,
05/01/2006,70830,,
05/02/2006,70830,,
05/03/2006,70940,,
05/04/2006,70830,,
05/05/2006,70830,,
05/06/2006,70830,,
05/07/2006,70830,,
05/08/2006,70830,,
05/09/2006,70940,,
05/10/2006,70830,,
05/11/2006,70867,,
05/12/2006,70793,,
05/13/2006,70996,,
05/14/2006,70885,,
05/15/2006,70830,,
05/16/2006,70738,,
05/17/2006,70682,,
05/18/2006,70830,,
05/19/2006,71605,,
05/20/2006,71902,,
05/21/2006,71957,,
05/22/2006,72254,,
05/23/2006,72366,,
05/24/2006,72310,,
05/25/2006,72161,,
05/26/2006,72050,,
05/27/2006,72254,,
05/28/2006,72161,,
05/29/2006,72050,,
05/30/2006,71957,,
05/31/2006,71902,,
06/01/2006,71902,,
06/02/2006,71753,,
06/03/2006,71753,,
06/04/2006,71809,,
06/05/2006,71605,,
06/06/2006,71550,,
06/07/2006,71605,,
06/08/2006,71439,,
06/09/2006,71439,,
06/10/2006,71402,,
06/11/2006,71032,,
06/12/2006,71032,,
06/13/2006,71199,,
06/14/2006,70996,,
06/15/2006,70793,,
06/16/2006,70940,,
06/17/2006,70830,,
06/18/2006,70535,,
06/19/2006,70627,,
06/20/2006,70480,,
06/21/2006,70425,,
06/22/2006,70278,,
06/23/2006,70278,,
06/24/2006,70131,,
06/25/2006,69984,,
06/26/2006,70278,,
06/27/2006,70278,,
06/28/2006,70278,,
06/29/2006,70333,,
06/30/2006,70535,,
07/01/2006,70830,,
07/02/2006,70830,,
07/03/2006,70996,,
07/04/2006,71143,,
07/05/2006,71235,,
07/06/2006,71402,,
07/07/2006,71346,,
07/08/2006,71235,,
07/09/2006,71235,,
07/10/2006,71402,,
07/11/2006,71550,,
07/12/2006,71550,,
07/13/2006,71402,,
07/14/2006,71235,,
07/15/2006,71402,,
07/16/2006,71235,,
07/17/2006,71309,,
07/18/2006,71309,,
07/19/2006,71346,,
07/20/2006,71605,,
07/21/2006,71698,,
07/22/2006,71125,,
07/23/2006,71125,,
07/24/2006,70756,,
07/25/2006,70388,,
07/26/2006,70756,,
07/27/2006,70756,,
07/28/2006,70756,,
07/29/2006,71235,,
07/30/2006,70756,,
07/31/2006,70848,,
08/01/2006,70848,,
08/02/2006,70940,,
08/03/2006,70848,,
08/04/2006,70940,,
08/05/2006,71199,,
08/06/2006,71032,,
08/07/2006,71032,,
08/08/2006,70940,,
08/09/2006,71032,,
08/10/2006,70793,,
08/11/2006,70793,,
08/12/2006,70830,,
08/13/2006,70793,,
08/14/2006,70682,,
08/15/2006,70682,,
08/16/2006,70738,,
08/17/2006,70830,,
08/18/2006,70830,,
08/19/2006,70940,,
08/20/2006,70996,,
08/21/2006,70996,,
08/22/2006,70830,,
08/23/2006,70830,,
08/24/2006,70830,,
08/25/2006,71032,,
08/26/2006,71143,,
08/27/2006,71235,,
08/28/2006,71402,,
08/29/2006,71605,,
08/30/2006,71605,,
08/31/2006,71753,,
09/01/2006,71902,,
09/02/2006,72013,,
09/03/2006,72050,,
09/04/2006,72217,,
09/05/2006,72106,,
09/06/2006,72106,,
09/07/2006,71605,,
09/08/2006,71439,,
09/09/2006,71550,,
09/10/2006,71550,,
09/11/2006,71439,,
09/12/2006,71550,,
09/13/2006,71235,,
09/14/2006,71439,,
09/15/2006,71439,,
09/16/2006,71235,,
09/17/2006,71199,,
09/18/2006,71235,,
09/19/2006,71402,,
09/20/2006,71235,,
09/21/2006,71291,,
09/22/2006,71402,,
09/23/2006,71402,,
09/24/2006,71550,,
09/25/2006,71605,,
09/26/2006,71550,,
09/27/2006,71605,,
09/28/2006,71494,,
09/29/2006,71753,,
09/30/2006,71809,,
10/01/2006,71698,,
10/02/2006,71235,,
10/03/2006,71605,,
10/04/2006,71902,,
10/05/2006,71753,,
10/06/2006,71902,,
10/07/2006,71753,,
10/08/2006,71698,,
10/09/2006,71753,,
10/10/2006,71698,,
10/11/2006,71698,,
10/12/2006,71642,,
10/13/2006,71698,,
10/14/2006,71550,,
10/15/2006,71605,,
10/16/2006,71439,,
10/17/2006,71402,,
10/18/2006,71235,,
10/19/2006,71199,,
10/20/2006,71088,,
10/21/2006,71143,,
10/22/2006,70830,,
10/23/2006,70682,,
10/24/2006,70940,,
10/25/2006,70535,,
10/26/2006,70388,,
10/27/2006,70131,,
10/28/2006,69930,,
10/29/2006,69820,,
10/30/2006,69728,,
10/31/2006,69472,,
11/01/2006,69326,,
11/02/2006,69326,,
11/03/2006,69180,,
11/04/2006,68925,,
11/05/2006,68669,,
11/06/2006,68524,,
11/07/2006,68199,,
11/08/2006,68181,,
11/09/2006,67874,,
11/10/2006,67137,,
11/11/2006,67137,,
11/12/2006,66743,,
11/13/2006,66546,,
11/14/2006,66297,,
11/15/2006,65816,,
11/16/2006,65656,,
11/17/2006,65426,,
11/18/2006,65479,,
11/19/2006,64454,,
11/20/2006,64507,,
11/21/2006,64015,,
11/22/2006,63787,,
11/23/2006,63541,,
11/24/2006,63053,,
11/25/2006,63053,,
11/26/2006,62722,,
11/27/2006,62826,,
11/28/2006,62913,,
11/29/2006,62965,,
11/30/2006,62913,,
12/01/2006,63822,,
12/02/2006,64595,,
12/03/2006,65231,,
12/04/2006,66065,,
12/05/2006,66743,,
12/06/2006,67083,,
12/07/2006,67119,,
12/08/2006,67119,,
12/09/2006,67137,,
12/10/2006,67209,,
12/11/2006,67083,,
12/12/2006,67280,,
12/13/2006,67083,,
12/14/2006,67083,,
12/15/2006,67280,,
12/16/2006,67280,,
12/17/2006,66994,,
12/18/2006,67083,,
12/19/2006,67083,,
12/20/2006,67083,,
12/21/2006,67280,,
12/22/2006,67478,,
12/23/2006,67478,,
12/24/2006,67442,,
12/25/2006,67388,,
12/26/2006,67784,,
12/27/2006,67784,,
12/28/2006,67784,,
12/29/2006,67640,,
12/30/2006,67532,,
12/31/2006,67640,,
01/01/2007,67784,,
01/02/2007,67334,,
01/03/2007,67586,,
01/04/2007,67640,,
01/05/2007,67640,,
01/06/2007,67640,,
01/07/2007,67784,,
01/08/2007,67784,,
01/09/2007,67658,,
01/10/2007,67604,,
01/11/2007,67676,,
01/12/2007,67478,,
01/13/2007,67532,,
01/14/2007,67640,,
01/15/2007,67784,,
01/16/2007,67478,,
01/17/2007,67676,,
01/18/2007,67676,,
01/19/2007,67388,,
01/20/2007,67676,,
01/21/2007,67838,,
01/22/2007,67334,,
01/23/2007,67388,,
01/24/2007,67280,,
01/25/2007,67083,,
01/26/2007,67280,,
01/27/2007,67928,,
01/28/2007,68669,,
01/29/2007,68723,,
01/30/2007,68633,,
01/31/2007,68578,,
02/01/2007,68669,,
02/02/2007,68669,,
02/03/2007,68925,,
02/04/2007,68832,,
02/05/2007,68578,,
02/06/2007,69180,,
02/07/2007,69180,,
02/08/2007,69217,,
02/09/2007,69180,,
02/10/2007,68980,,
02/11/2007,69180,,
02/12/2007,69326,,
02/13/2007,69071,,
02/14/2007,69180,,
02/15/2007,69381,,
02/16/2007,69016,,
02/17/2007,68723,,
02/18/2007,68723,,
02/19/2007,68325,,
02/20/2007,68181,,
02/21/2007,68036,,
02/22/2007,68379,,
02/23/2007,68379,,
02/24/2007,68036,,
02/25/2007,68181,,
02/26/2007,68379,,
02/27/2007,68181,,
02/28/2007,68181,,
03/01/2007,68235,,
03/02/2007,68126,,
03/03/2007,68235,,
03/04/2007,67874,,
03/05/2007,68181,,
03/06/2007,68669,,
03/07/2007,68832,,
03/08/2007,68980,,
03/09/2007,68980,,
03/10/2007,69326,,
03/11/2007,69016,,
03/12/2007,68832,,
03/13/2007,68925,,
03/14/2007,68925,,
03/15/2007,69217,,
03/16/2007,69326,,
03/17/2007,69217,,
03/18/2007,69527,,
03/19/2007,69618,,
03/20/2007,69783,,
03/21/2007,69930,,
03/22/2007,70131,,
03/23/2007,70131,,
03/24/2007,70333,,
03/25/2007,70480,,
03/26/2007,70664,,
03/27/2007,70830,,
03/28/2007,70830,,
03/29/2007,70940,,
03/30/2007,71032,,
03/31/2007,71402,,
04/01/2007,71402,,
04/02/2007,71235,,
04/03/2007,71032,,
04/04/2007,71346,,
04/05/2007,71143,,
04/06/2007,70996,,
04/07/2007,70830,,
04/08/2007,70738,,
04/09/2007,70388,,
04/10/2007,70076,,
04/11/2007,69875,,
04/12/2007,69728,,
04/13/2007,69783,,
04/14/2007,69673,,
04/15/2007,69728,,
04/16/2007,69472,,
04/17/2007,69527,,
04/18/2007,69326,,
04/19/2007,69326,,
04/20/2007,69527,,
04/21/2007,69527,,
04/22/2007,69728,,
04/23/2007,69984,,
04/24/2007,70131,,
04/25/2007,70076,,
04/26/2007,70425,,
04/27/2007,70388,,
04/28/2007,70682,,
04/29/2007,70590,,
04/30/2007,70682,,
05/01/2007,70848,,
05/02/2007,70940,,
05/03/2007,70830,,
05/04/2007,70793,,
05/05/2007,70996,,
05/06/2007,70682,,
05/07/2007,70682,,
05/08/2007,70627,,
05/09/2007,70682,,
05/10/2007,70425,,
05/11/2007,70480,,
05/12/2007,70535,,
05/13/2007,70535,,
05/14/2007,70535,,
05/15/2007,70535,,
05/16/2007,70535,,
05/17/2007,70535,,
05/18/2007,70535,,
05/19/2007,70535,,
05/20/2007,70738,,
05/21/2007,70793,,
05/22/2007,70590,,
05/23/2007,70535,,
05/24/2007,70388,,
05/25/2007,70388,,
05/26/2007,70278,,
05/27/2007,70131,,
05/28/2007,69930,,
05/29/2007,69930,,
05/30/2007,69875,,
05/31/2007,69930,,
06/01/2007,69930,,
06/02/2007,69984,,
06/03/2007,69783,,
06/04/2007,69820,,
06/05/2007,69930,,
06/06/2007,69728,,
06/07/2007,70535,,
06/08/2007,70388,,
06/09/2007,70535,,
06/10/2007,70278,,
06/11/2007,70278,,
06/12/2007,70131,,
06/13/2007,70388,,
06/14/2007,70793,,
06/15/2007,70590,,
06/16/2007,70535,,
06/17/2007,70535,,
06/18/2007,70535,,
06/19/2007,70333,,
06/20/2007,70278,,
06/21/2007,70186,,
06/22/2007,70076,,
06/23/2007,69984,,
06/24/2007,69930,,
06/25/2007,69875,,
06/26/2007,69728,,
06/27/2007,70076,,
06/28/2007,70131,,
06/29/2007,69984,,
06/30/2007,70131,,
07/01/2007,69984,,
07/02/2007,69984,,
07/03/2007,69728,,
07/04/2007,69728,,
07/05/2007,69728,,
07/06/2007,69582,,
07/07/2007,69472,,
07/08/2007,69472,,
07/09/2007,69417,,
07/10/2007,69417,,
07/11/2007,69326,,
07/12/2007,69217,,
07/13/2007,69180,,
07/14/2007,69016,,
07/15/2007,69071,,
07/16/2007,68868,,
07/17/2007,68832,,
07/18/2007,68832,,
07/19/2007,68925,,
07/20/2007,68669,,
07/21/2007,68578,,
07/22/2007,68578,,
07/23/2007,68470,,
07/24/2007,68379,,
07/25/2007,68325,,
07/26/2007,68379,,
07/27/2007,68235,,
07/28/2007,67838,,
07/29/2007,68126,,
07/30/2007,67928,,
07/31/2007,67928,,
08/01/2007,67838,,
08/02/2007,67784,,
08/03/2007,67586,,
08/04/2007,67784,,
08/05/2007,67478,,
08/06/2007,67388,,
08/07/2007,67334,,
08/08/2007,67334,,
08/09/2007,67227,,
08/10/2007,67191,,
08/11/2007,67137,,
08/12/2007,67083,,
08/13/2007,66940,,
08/14/2007,67083,,
08/15/2007,66940,,
08/16/2007,66976,,
08/17/2007,66958,,
08/18/2007,66546,,
08/19/2007,66546,,
08/20/2007,66457,,
08/21/2007,66404,,
08/22/2007,66297,,
08/23/2007,66207,,
08/24/2007,66065,,
08/25/2007,66065,,
08/26/2007,66154,,
08/27/2007,66012,,
08/28/2007,66154,,
08/29/2007,66154,,
08/30/2007,66012,,
08/31/2007,66012,,
09/01/2007,65816,,
09/02/2007,65816,,
09/03/2007,66012,,
09/04/2007,66065,,
09/05/2007,66012,,
09/06/2007,65816,,
09/07/2007,65869,,
09/08/2007,66012,,
09/09/2007,65816,,
09/10/2007,65816,,
09/11/2007,65816,,
09/12/2007,65621,,
09/13/2007,65621,,
09/14/2007,65621,,
09/15/2007,65674,,
09/16/2007,65372,,
09/17/2007,65567,,
09/18/2007,65674,,
09/19/2007,66012,,
09/20/2007,65709,,
09/21/2007,65709,,
09/22/2007,65514,,
09/23/2007,65372,,
09/24/2007,65284,,
09/25/2007,65567,,
09/26/2007,65426,,
09/27/2007,65514,,
09/28/2007,65709,,
09/29/2007,66012,,
09/30/2007,66012,,
10/01/2007,66012,,
10/02/2007,66154,,
10/03/2007,66297,,
10/04/2007,66350,,
10/05/2007,66546,,
10/06/2007,66457,,
10/07/2007,66689,,
10/08/2007,66654,,
10/09/2007,66797,,
10/10/2007,66886,,
10/11/2007,66886,,
10/12/2007,67083,,
10/13/2007,67137,,
10/14/2007,67245,,
10/15/2007,67478,,
10/16/2007,67676,,
10/17/2007,67730,,
10/18/2007,67838,,
10/19/2007,67766,,
10/20/2007,67640,,
10/21/2007,67784,,
10/22/2007,67784,,
10/23/2007,67694,,
10/24/2007,67245,,
10/25/2007,67478,,
10/26/2007,67334,,
10/27/2007,67640,,
10/28/2007,67532,,
10/29/2007,67784,,
10/30/2007,67784,,
10/31/2007,67730,,
11/01/2007,68925,,
11/02/2007,68235,,
11/03/2007,67730,,
11/04/2007,67982,,
11/05/2007,67784,,
11/06/2007,67928,,
11/07/2007,67874,,
11/08/2007,67928,,
11/09/2007,67928,,
11/10/2007,67982,,
11/11/2007,67874,,
11/12/2007,67874,,
11/13/2007,67928,,
11/14/2007,68036,,
11/15/2007,67874,,
11/16/2007,67874,,
11/17/2007,68181,,
11/18/2007,68181,,
11/19/2007,67838,,
11/20/2007,67784,,
11/21/2007,67838,,
11/22/2007,67784,,
11/23/2007,67784,,
11/24/2007,66797,,
11/25/2007,67334,,
11/26/2007,67334,,
11/27/2007,67083,,
11/28/2007,67083,,
11/29/2007,66797,,
11/30/2007,67334,,
12/01/2007,67280,,
12/02/2007,67191,,
12/03/2007,67083,,
12/04/2007,66297,,
12/05/2007,66743,,
12/06/2007,66886,,
12/07/2007,66797,,
12/08/2007,66886,,
12/09/2007,66743,,
12/10/2007,66600,,
12/11/2007,66600,,
12/12/2007,66350,,
12/13/2007,66350,,
12/14/2007,66297,,
12/15/2007,66297,,
12/16/2007,66012,,
12/17/2007,66065,,
12/18/2007,66065,,
12/19/2007,66012,,
12/20/2007,66012,,
12/21/2007,65816,,
12/22/2007,64983,,
12/23/2007,64120,,
12/24/2007,63209,,
12/25/2007,62097,,
12/26/2007,61717,,
12/27/2007,61389,,
12/28/2007,61630,,
12/29/2007,61527,,
12/30/2007,61820,,
12/31/2007,61768,,
01/01/2008,61820,,
01/02/2008,61717,,
01/03/2008,61768,,
01/04/2008,62149,,
01/05/2008,62861,,
01/06/2008,63053,,
01/07/2008,63822,,
01/08/2008,64401,,
01/09/2008,64648,,
01/10/2008,65178,,
01/11/2008,65816,,
01/12/2008,66297,,
01/13/2008,66743,,
01/14/2008,67083,,
01/15/2008,67532,,
01/16/2008,68036,,
01/17/2008,68379,,
01/18/2008,68868,,
01/19/2008,69326,,
01/20/2008,69820,,
01/21/2008,70131,,
01/22/2008,70535,,
01/23/2008,71088,,
01/24/2008,71605,,
01/25/2008,72254,,
01/26/2008,72366,,
01/27/2008,72366,,
01/28/2008,72366,,
01/29/2008,72366,,
01/30/2008,72310,,
01/31/2008,72254,,
02/01/2008,72254,,
02/02/2008,72254,,
02/03/2008,72366,,
02/04/2008,72366,,
02/05/2008,72366,,
02/06/2008,72254,,
02/07/2008,72440,,
02/08/2008,72366,,
02/09/2008,72366,,
02/10/2008,72366,,
02/11/2008,72980,,
02/12/2008,72980,,
02/13/2008,73242,,
02/14/2008,73185,,
02/15/2008,72366,,
02/16/2008,72366,,
02/17/2008,72366,,
02/18/2008,72366,,
02/19/2008,73335,,
02/20/2008,73242,,
02/21/2008,73541,,
02/22/2008,73335,,
02/23/2008,73597,,
02/24/2008,73447,,
02/25/2008,73335,,
02/26/2008,73335,,
02/27/2008,72366,,
02/28/2008,73335,,
02/29/2008,73391,,
03/01/2008,73335,,
03/02/2008,73335,,
03/03/2008,73335,,
03/04/2008,72366,,
03/05/2008,72366,,
03/06/2008,72366,,
03/07/2008,72366,,
03/08/2008,73260,,
03/09/2008,72366,,
03/10/2008,72366,,
03/11/2008,72310,,
03/12/2008,72310,,
03/13/2008,72366,,
03/14/2008,72366,,
03/15/2008,72980,,
03/16/2008,72980,,
03/17/2008,72980,,
03/18/2008,72980,,
03/19/2008,72366,,
03/20/2008,72980,,
03/21/2008,72366,,
03/22/2008,72794,,
03/23/2008,72607,,
03/24/2008,72924,,
03/25/2008,72143,,
03/26/2008,72254,,
03/27/2008,72366,,
03/28/2008,72366,,
03/29/2008,72366,,
03/30/2008,72217,,
03/31/2008,72161,,
04/01/2008,72050,,
04/02/2008,72106,,
04/03/2008,71957,,
04/04/2008,71698,,
04/05/2008,71809,,
04/06/2008,71698,,
04/07/2008,71605,,
04/08/2008,71642,,
04/09/2008,71439,,
04/10/2008,71550,,
04/11/2008,71346,,
04/12/2008,71235,,
04/13/2008,70793,,
04/14/2008,70885,,
04/15/2008,70996,,
04/16/2008,70940,,
04/17/2008,70996,,
04/18/2008,70793,,
04/19/2008,70682,,
04/20/2008,70627,,
04/21/2008,70738,,
04/22/2008,70333,,
04/23/2008,70627,,
04/24/2008,70480,,
04/25/2008,70480,,
04/26/2008,70590,,
04/27/2008,70205,,
04/28/2008,70131,,
04/29/2008,70425,,
04/30/2008,70535,,
05/01/2008,70186,,
05/02/2008,70388,,
05/03/2008,70480,,
05/04/2008,70388,,
05/05/2008,70388,,
05/06/2008,70480,,
05/07/2008,70388,,
05/08/2008,70278,,
05/09/2008,70333,,
05/10/2008,70278,,
05/11/2008,70278,,
05/12/2008,70480,,
05/13/2008,70278,,
05/14/2008,70535,,
05/15/2008,70535,,
05/16/2008,70480,,
05/17/2008,70388,,
05/18/2008,70186,,
05/19/2008,70388,,
05/20/2008,70388,,
05/21/2008,70333,,
05/22/2008,70076,,
05/23/2008,70793,,
05/24/2008,70535,,
05/25/2008,70682,,
05/26/2008,70738,,
05/27/2008,70388,,
05/28/2008,70388,,
05/29/2008,70388,,
05/30/2008,70333,,
05/31/2008,70186,,
06/01/2008,70131,,
06/02/2008,70076,,
06/03/2008,69930,,
06/04/2008,70131,,
06/05/2008,69820,,
06/06/2008,69930,,
06/07/2008,69527,,
06/08/2008,69673,,
06/09/2008,69527,,
06/10/2008,69582,,
06/11/2008,69381,,
06/12/2008,69381,,
06/13/2008,69381,,
06/14/2008,69180,,
06/15/2008,69180,,
06/16/2008,68980,,
06/17/2008,68925,,
06/18/2008,68980,,
06/19/2008,68778,,
06/20/2008,68578,,
06/21/2008,68578,,
06/22/2008,68633,,
06/23/2008,68578,,
06/24/2008,68778,,
06/25/2008,68578,,
06/26/2008,68669,,
06/27/2008,68669,,
06/28/2008,68633,,
06/29/2008,68633,,
06/30/2008,68578,,
07/01/2008,68578,,
07/02/2008,68578,,
07/03/2008,68524,,
07/04/2008,68325,,
07/05/2008,68379,,
07/06/2008,68325,,
07/07/2008,68036,,
07/08/2008,68235,,
07/09/2008,68181,,
07/10/2008,68235,,
07/11/2008,68181,,
07/12/2008,68325,,
07/13/2008,68036,,
07/14/2008,68181,,
07/15/2008,68325,,
07/16/2008,68325,,
07/17/2008,68434,,
07/18/2008,68325,,
07/19/2008,68235,,
07/20/2008,68271,,
07/21/2008,68325,,
07/22/2008,68325,,
07/23/2008,68181,,
07/24/2008,68235,,
07/25/2008,68235,,
07/26/2008,68126,,
07/27/2008,68181,,
07/28/2008,68181,,
07/29/2008,68235,,
07/30/2008,68235,,
07/31/2008,68235,,
08/01/2008,68235,,
08/02/2008,68235,,
08/03/2008,68325,,
08/04/2008,68470,,
08/05/2008,68325,,
08/06/2008,68379,,
08/07/2008,68325,,
08/08/2008,68235,,
08/09/2008,68235,,
08/10/2008,68325,,
08/11/2008,68235,,
08/12/2008,68379,,
08/13/2008,68181,,
08/14/2008,68470,,
08/15/2008,68181,,
08/16/2008,68235,,
08/17/2008,68235,,
08/18/2008,68325,,
08/19/2008,68235,,
08/20/2008,68379,,
08/21/2008,68325,,
08/22/2008,68325,,
08/23/2008,68325,,
08/24/2008,68181,,
08/25/2008,68126,,
08/26/2008,67982,,
08/27/2008,68235,,
08/28/2008,68181,,
08/29/2008,68181,,
08/30/2008,68379,,
08/31/2008,68235,,
09/01/2008,68126,,
09/02/2008,68181,,
09/03/2008,67982,,
09/04/2008,67982,,
09/05/2008,67784,,
09/06/2008,67928,,
09/07/2008,67928,,
09/08/2008,67928,,
09/09/2008,67784,,
09/10/2008,67838,,
09/11/2008,68036,,
09/12/2008,67928,,
09/13/2008,68036,,
09/14/2008,67928,,
09/15/2008,67928,,
09/16/2008,68325,,
09/17/2008,68235,,
09/18/2008,68325,,
09/19/2008,68470,,
09/20/2008,68181,,
09/21/2008,68379,,
09/22/2008,68578,,
09/23/2008,68578,,
09/24/2008,68470,,
09/25/2008,68379,,
09/26/2008,68470,,
09/27/2008,68524,,
09/28/2008,68524,,
09/29/2008,68524,,
09/30/2008,68524,,
10/01/2008,68524,,
10/02/2008,68578,,
10/03/2008,68470,,
10/04/2008,68778,,
10/05/2008,68633,,
10/06/2008,68524,,
10/07/2008,68578,,
10/08/2008,68524,,
10/09/2008,68778,,
10/10/2008,68980,,
10/11/2008,69180,,
10/12/2008,69527,,
10/13/2008,69930,,
10/14/2008,69930,,
10/15/2008,70076,,
10/16/2008,70388,,
10/17/2008,70333,,
10/18/2008,70996,,
10/19/2008,71143,,
10/20/2008,71550,,
10/21/2008,71753,,
10/22/2008,71957,,
10/23/2008,72050,,
10/24/2008,72366,,
10/25/2008,72254,,
10/26/2008,72366,,
10/27/2008,72366,,
10/28/2008,72366,,
10/29/2008,73485,,
10/30/2008,74009,,
10/31/2008,73803,,
11/01/2008,73840,,
11/02/2008,73953,,
11/03/2008,73747,,
11/04/2008,73747,,
11/05/2008,73634,,
11/06/2008,73634,,
11/07/2008,73747,,
11/08/2008,73447,,
11/09/2008,73747,,
11/10/2008,73597,,
11/11/2008,73335,,
11/12/2008,73541,,
11/13/2008,73447,,
11/14/2008,73485,,
11/15/2008,73391,,
11/16/2008,73391,,
11/17/2008,73185,,
11/18/2008,73129,,
11/19/2008,73185,,
11/20/2008,73447,,
11/21/2008,73279,,
11/22/2008,73447,,
11/23/2008,73391,,
11/24/2008,73485,,
11/25/2008,73279,,
11/26/2008,73840,,
11/27/2008,73803,,
11/28/2008,74047,,
11/29/2008,73634,,
11/30/2008,74009,,
12/01/2008,73747,,
12/02/2008,74009,,
12/03/2008,73597,,
12/04/2008,74009,,
12/05/2008,73747,,
12/06/2008,73597,,
12/07/2008,73335,,
12/08/2008,73185,,
12/09/2008,74235,,
12/10/2008,72366,,
12/11/2008,72366,,
12/12/2008,72310,,
12/13/2008,72161,,
12/14/2008,71902,,
12/15/2008,71957,,
12/16/2008,71809,,
12/17/2008,72013,,
12/18/2008,71698,,
12/19/2008,71291,,
12/20/2008,71291,,
12/21/2008,71291,,
12/22/2008,71032,,
12/23/2008,70940,,
12/24/2008,70793,,
12/25/2008,70738,,
12/26/2008,70333,,
12/27/2008,70223,,
12/28/2008,70223,,
12/29/2008,69984,,
12/30/2008,69527,,
12/31/2008,69527,,
01/01/2009,69180,,
01/02/2009,68980,,
01/03/2009,68980,,
01/04/2009,68633,,
01/05/2009,68524,,
01/06/2009,68325,,
01/07/2009,68325,,
01/08/2009,68126,,
01/09/2009,67928,,
01/10/2009,67784,,
01/11/2009,67280,,
01/12/2009,67442,,
01/13/2009,66457,,
01/14/2009,66654,,
01/15/2009,66546,,
01/16/2009,66207,,
01/17/2009,65674,,
01/18/2009,65621,,
01/19/2009,65426,,
01/20/2009,65178,,
01/21/2009,64895,,
01/22/2009,64895,,
01/23/2009,64842,,
01/24/2009,64507,,
01/25/2009,64807,,
01/26/2009,64015,,
01/27/2009,63979,,
01/28/2009,64067,,
01/29/2009,63681,,
01/30/2009,63297,,
01/31/2009,62861,,
02/01/2009,62913,,
02/02/2009,62531,,
02/03/2009,62253,,
02/04/2009,62062,,
02/05/2009,62149,,
02/06/2009,61907,,
02/07/2009,61768,,
02/08/2009,61717,,
02/09/2009,61630,,
02/10/2009,61114,,
02/11/2009,61114,,
02/12/2009,61010,,
02/13/2009,61010,,
02/14/2009,60873,,
02/15/2009,60582,,
02/16/2009,60684,,
02/17/2009,60633,,
02/18/2009,60547,,
02/19/2009,60257,,
02/20/2009,59796,,
02/21/2009,59881,,
02/22/2009,59933,,
02/23/2009,59473,,
02/24/2009,59660,,
02/25/2009,59507,,
02/26/2009,59320,,
02/27/2009,58998,,
02/28/2009,58914,,
03/01/2009,58441,,
03/02/2009,58863,,
03/03/2009,58863,,
03/04/2009,58948,,
03/05/2009,58863,,
03/06/2009,58863,,
03/07/2009,58863,,
03/08/2009,58914,,
03/09/2009,59049,,
03/10/2009,58863,,
03/11/2009,58914,,
03/12/2009,58863,,
03/13/2009,58812,,
03/14/2009,58914,,
03/15/2009,58914,,
03/16/2009,58914,,
03/17/2009,58728,,
03/18/2009,56850,,
03/19/2009,58424,,
03/20/2009,58880,,
03/21/2009,59185,,
03/22/2009,59660,,
03/23/2009,59796,,
03/24/2009,60171,,
03/25/2009,60547,,
03/26/2009,60822,,
03/27/2009,61303,,
03/28/2009,61579,,
03/29/2009,62010,,
03/30/2009,62010,,
03/31/2009,61820,,
04/01/2009,61768,,
04/02/2009,61959,,
04/03/2009,61820,,
04/04/2009,61959,,
04/05/2009,61907,,
04/06/2009,61630,,
04/07/2009,61959,,
04/08/2009,61907,,
04/09/2009,61820,,
04/10/2009,61820,,
04/11/2009,62010,,
04/12/2009,62062,,
04/13/2009,62010,,
04/14/2009,62149,,
04/15/2009,62097,,
04/16/2009,62149,,
04/17/2009,62201,,
04/18/2009,62340,,
04/19/2009,61717,,
04/20/2009,61717,,
04/21/2009,61717,,
04/22/2009,61630,,
04/23/2009,61872,,
04/24/2009,61872,,
04/25/2009,61768,,
04/26/2009,61768,,
04/27/2009,61907,,
04/28/2009,61717,,
04/29/2009,61717,,
04/30/2009,61630,,
05/01/2009,61872,,
05/02/2009,61717,,
05/03/2009,61820,,
05/04/2009,61959,,
05/05/2009,61820,,
05/06/2009,61768,,
05/07/2009,61768,,
05/08/2009,61907,,
05/09/2009,62010,,
05/10/2009,62062,,
05/11/2009,62010,,
05/12/2009,62097,,
05/13/2009,62340,,
05/14/2009,62340,,
05/15/2009,62149,,
05/16/2009,62340,,
05/17/2009,62149,,
05/18/2009,62201,,
05/19/2009,62097,,
05/20/2009,62097,,
05/21/2009,62149,,
05/22/2009,62062,,
05/23/2009,62149,,
05/24/2009,62097,,
05/25/2009,62097,,
05/26/2009,62201,,
05/27/2009,62149,,
05/28/2009,62340,,
05/29/2009,62201,,
05/30/2009,62097,,
05/31/2009,62062,,
06/01/2009,62149,,
06/02/2009,62062,,
06/03/2009,62201,,
06/04/2009,62097,,
06/05/2009,62201,,
06/06/2009,62149,,
06/07/2009,62201,,
06/08/2009,62149,,
06/09/2009,62340,,
06/10/2009,62288,,
06/11/2009,62253,,
06/12/2009,62201,,
06/13/2009,62392,,
06/14/2009,62149,,
06/15/2009,62531,,
06/16/2009,62531,,
06/17/2009,62531,,
06/18/2009,62722,,
06/19/2009,62531,,
06/20/2009,62531,,
06/21/2009,62531,,
06/22/2009,62531,,
06/23/2009,62583,,
06/24/2009,62722,,
06/25/2009,62670,,
06/26/2009,62670,,
06/27/2009,62670,,
06/28/2009,62722,,
06/29/2009,62478,,
06/30/2009,62670,,
07/01/2009,62531,,
07/02/2009,62340,,
07/03/2009,62531,,
07/04/2009,62340,,
07/05/2009,62392,,
07/06/2009,62392,,
07/07/2009,62340,,
07/08/2009,62444,,
07/09/2009,62340,,
07/10/2009,62392,,
07/11/2009,62392,,
07/12/2009,62531,,
07/13/2009,62531,,
07/14/2009,62392,,
07/15/2009,62531,,
07/16/2009,62392,,
07/17/2009,62253,,
07/18/2009,62340,,
07/19/2009,62392,,
07/20/2009,62253,,
07/21/2009,62340,,
07/22/2009,62149,,
07/23/2009,62097,,
07/24/2009,62201,,
07/25/2009,62097,,
07/26/2009,62201,,
07/27/2009,62288,,
07/28/2009,62531,,
07/29/2009,62635,,
07/30/2009,62774,,
07/31/2009,62965,,
08/01/2009,62913,,
08/02/2009,63053,,
08/03/2009,62913,,
08/04/2009,62774,,
08/05/2009,62444,,
08/06/2009,62392,,
08/07/2009,62340,,
08/08/2009,62444,,
08/09/2009,62478,,
08/10/2009,62392,,
08/11/2009,62288,,
08/12/2009,62392,,
08/13/2009,62288,,
08/14/2009,62253,,
08/15/2009,62288,,
08/16/2009,62288,,
08/17/2009,62288,,
08/18/2009,62097,,
08/19/2009,62149,,
08/20/2009,62201,,
08/21/2009,62149,,
08/22/2009,62097,,
08/23/2009,62201,,
08/24/2009,62149,,
08/25/2009,62149,,
08/26/2009,61959,,
08/27/2009,61820,,
08/28/2009,61820,,
08/29/2009,61768,,
08/30/2009,62097,,
08/31/2009,62097,,
09/01/2009,62583,,
09/02/2009,62340,,
09/03/2009,62340,,
09/04/2009,62340,,
09/05/2009,62340,,
09/06/2009,62149,,
09/07/2009,62392,,
09/08/2009,62478,,
09/09/2009,62392,,
09/10/2009,62531,,
09/11/2009,62531,,
09/12/2009,62340,,
09/13/2009,62340,,
09/14/2009,62340,,
09/15/2009,62444,,
09/16/2009,62392,,
09/17/2009,62392,,
09/18/2009,62983,,
09/19/2009,62340,,
09/20/2009,62444,,
09/21/2009,62340,,
09/22/2009,61768,,
09/23/2009,62097,,
09/24/2009,62201,,
09/25/2009,62149,,
09/26/2009,62531,,
09/27/2009,62340,,
09/28/2009,62340,,
09/29/2009,62531,,
09/30/2009,62392,,
10/01/2009,62722,,
10/02/2009,62722,,
10/03/2009,62965,,
10/04/2009,62965,,
10/05/2009,62861,,
10/06/2009,63018,,
10/07/2009,62913,,
10/08/2009,62826,,
10/09/2009,62913,,
10/10/2009,62965,,
10/11/2009,62965,,
10/12/2009,63157,,
10/13/2009,63157,,
10/14/2009,63157,,
10/15/2009,63105,,
10/16/2009,62965,,
10/17/2009,63053,,
10/18/2009,62965,,
10/19/2009,63157,,
10/20/2009,63244,,
10/21/2009,63244,,
10/22/2009,62965,,
10/23/2009,62965,,
10/24/2009,63105,,
10/25/2009,63157,,
10/26/2009,62965,,
10/27/2009,63402,,
10/28/2009,63437,,
10/29/2009,63018,,
10/30/2009,63244,,
10/31/2009,63297,,
11/01/2009,63157,,
11/02/2009,62965,,
11/03/2009,63297,,
11/04/2009,63140,,
11/05/2009,63594,,
11/06/2009,63402,,
11/07/2009,63489,,
11/08/2009,63489,,
11/09/2009,63402,,
11/10/2009,63489,,
11/11/2009,63489,,
11/12/2009,63734,,
11/13/2009,63822,,
11/14/2009,63874,,
11/15/2009,63927,,
11/16/2009,63874,,
11/17/2009,63594,,
11/18/2009,63822,,
11/19/2009,63874,,
11/20/2009,63681,,
11/21/2009,64015,,
11/22/2009,64015,,
11/23/2009,64015,,
11/24/2009,64067,,
11/25/2009,64067,,
11/26/2009,63927,,
11/27/2009,64067,,
11/28/2009,64366,,
11/29/2009,64401,,
11/30/2009,64173,,
12/01/2009,64313,,
12/02/2009,64401,,
12/03/2009,64401,,
12/04/2009,64454,,
12/05/2009,64507,,
12/06/2009,64701,,
12/07/2009,65125,,
12/08/2009,65284,,
12/09/2009,65284,,
12/10/2009,65372,,
12/11/2009,65284,,
12/12/2009,65319,,
12/13/2009,65426,,
12/14/2009,65426,,
12/15/2009,65178,,
12/16/2009,65178,,
12/17/2009,64930,,
12/18/2009,64930,,
12/19/2009,64842,,
12/20/2009,64701,,
12/21/2009,64736,,
12/22/2009,64736,,
12/23/2009,64595,,
12/24/2009,64595,,
12/25/2009,64313,,
12/26/2009,64260,,
12/27/2009,64366,,
12/28/2009,64260,,
12/29/2009,64120,,
12/30/2009,64173,,
12/31/2009,63927,,
01/01/2010,64015,,
01/02/2010,63681,,
01/03/2010,63594,,
01/04/2010,63541,,
01/05/2010,63594,,
01/06/2010,63489,,
01/07/2010,63244,,
01/08/2010,63297,,
01/09/2010,63297,,
01/10/2010,63018,,
01/11/2010,62861,,
01/12/2010,62774,,
01/13/2010,62913,,
01/14/2010,62913,,
01/15/2010,62722,,
01/16/2010,62583,,
01/17/2010,62913,,
01/18/2010,63105,,
01/19/2010,63297,,
01/20/2010,63506,,
01/21/2010,63752,,
01/22/2010,64173,,
01/23/2010,64120,,
01/24/2010,64015,,
01/25/2010,63874,,
01/26/2010,64015,,
01/27/2010,64015,,
01/28/2010,63822,,
01/29/2010,63874,,
01/30/2010,63822,,
01/31/2010,63629,,
02/01/2010,63629,,
02/02/2010,63874,,
02/03/2010,64401,,
02/04/2010,64736,,
02/05/2010,65372,,
02/06/2010,66012,,
02/07/2010,66297,,
02/08/2010,66493,,
02/09/2010,66261,,
02/10/2010,66261,,
02/11/2010,66207,,
02/12/2010,66012,,
02/13/2010,65816,,
02/14/2010,65372,,
02/15/2010,65178,,
02/16/2010,64930,,
02/17/2010,65178,,
02/18/2010,64930,,
02/19/2010,65125,,
02/20/2010,65036,,
02/21/2010,65231,,
02/22/2010,64983,,
02/23/2010,65125,,
02/24/2010,65231,,
02/25/2010,65125,,
02/26/2010,65178,,
02/27/2010,65426,,
02/28/2010,65231,,
03/01/2010,65284,,
03/02/2010,65178,,
03/03/2010,65372,,
03/04/2010,65426,,
03/05/2010,65372,,
03/06/2010,65372,,
03/07/2010,65621,,
03/08/2010,66350,,
03/09/2010,66940,,
03/10/2010,66994,,
03/11/2010,66850,,
03/12/2010,66797,,
03/13/2010,66940,,
03/14/2010,66797,,
03/15/2010,66994,,
03/16/2010,66743,,
03/17/2010,66600,,
03/18/2010,66940,,
03/19/2010,66689,,
03/20/2010,66743,,
03/21/2010,66689,,
03/22/2010,66743,,
03/23/2010,66689,,
03/24/2010,66743,,
03/25/2010,66600,,
03/26/2010,66457,,
03/27/2010,66600,,
03/28/2010,66404,,
03/29/2010,66350,,
03/30/2010,66350,,
03/31/2010,66743,,
04/01/2010,66654,,
04/02/2010,66743,,
04/03/2010,66743,,
04/04/2010,66725,,
04/05/2010,66600,,
04/06/2010,66743,,
04/07/2010,66457,,
04/08/2010,66493,,
04/09/2010,66457,,
04/10/2010,66350,,
04/11/2010,66350,,
04/12/2010,66546,,
04/13/2010,66689,,
04/14/2010,66457,,
04/15/2010,66493,,
04/16/2010,66546,,
04/17/2010,66493,,
04/18/2010,66350,,
04/19/2010,66350,,
04/20/2010,66457,,
04/21/2010,66350,,
04/22/2010,66457,,
04/23/2010,66404,,
04/24/2010,66350,,
04/25/2010,66404,,
04/26/2010,66297,,
04/27/2010,66012,,
04/28/2010,66012,,
04/29/2010,66012,,
04/30/2010,65816,,
05/01/2010,65621,,
05/02/2010,65816,,
05/03/2010,65426,,
05/04/2010,65319,,
05/05/2010,65319,,
05/06/2010,65284,,
05/07/2010,65231,,
05/08/2010,65089,,
05/09/2010,65178,,
05/10/2010,64983,,
05/11/2010,64842,,
05/12/2010,64983,,
05/13/2010,64789,,
05/14/2010,64895,,
05/15/2010,64648,,
05/16/2010,64507,,
05/17/2010,64789,,
05/18/2010,64789,,
05/19/2010,64789,,
05/20/2010,64701,,
05/21/2010,64542,,
05/22/2010,64260,,
05/23/2010,64401,,
05/24/2010,64401,,
05/25/2010,64401,,
05/26/2010,64313,,
05/27/2010,64313,,
05/28/2010,64260,,
05/29/2010,63927,,
05/30/2010,63874,,
05/31/2010,63734,,
06/01/2010,63874,,
06/02/2010,63734,,
06/03/2010,63681,,
06/04/2010,63874,,
06/05/2010,63681,,
06/06/2010,61337,,
06/07/2010,66012,,
06/08/2010,63087,,
06/09/2010,63349,,
06/10/2010,63541,,
06/11/2010,63489,,
06/12/2010,63489,,
06/13/2010,63349,,
06/14/2010,63576,,
06/15/2010,63297,,
06/16/2010,63489,,
06/17/2010,63244,,
06/18/2010,63297,,
06/19/2010,63157,,
06/20/2010,63105,,
06/21/2010,63105,,
06/22/2010,63053,,
06/23/2010,63053,,
06/24/2010,63209,,
06/25/2010,63209,,
06/26/2010,62965,,
06/27/2010,63105,,
06/28/2010,63105,,
06/29/2010,63018,,
06/30/2010,63053,,
07/01/2010,62965,,
07/02/2010,62965,,
07/03/2010,62722,,
07/04/2010,62722,,
07/05/2010,62722,,
07/06/2010,62722,,
07/07/2010,62965,,
07/08/2010,62965,,
07/09/2010,62913,,
07/10/2010,62965,,
07/11/2010,62965,,
07/12/2010,63053,,
07/13/2010,63053,,
07/14/2010,63018,,
07/15/2010,63157,,
07/16/2010,62965,,
07/17/2010,62722,,
07/18/2010,62722,,
07/19/2010,62965,,
07/20/2010,62913,,
07/21/2010,62826,,
07/22/2010,62861,,
07/23/2010,62913,,
07/24/2010,62965,,
07/25/2010,62861,,
07/26/2010,62826,,
07/27/2010,62722,,
07/28/2010,62774,,
07/29/2010,62670,,
07/30/2010,62635,,
07/31/2010,62635,,
08/01/2010,62635,,
08/02/2010,62531,,
08/03/2010,62340,,
08/04/2010,62340,,
08/05/2010,62392,,
08/06/2010,62340,,
08/07/2010,62340,,
08/08/2010,62253,,
08/09/2010,62201,,
08/10/2010,62288,,
08/11/2010,62288,,
08/12/2010,62201,,
08/13/2010,62201,,
08/14/2010,62097,,
08/15/2010,62149,,
08/16/2010,62010,,
08/17/2010,62149,,
08/18/2010,62149,,
08/19/2010,62097,,
08/20/2010,61820,,
08/21/2010,61820,,
08/22/2010,61768,,
08/23/2010,61768,,
08/24/2010,61579,,
08/25/2010,61630,,
08/26/2010,61682,,
08/27/2010,61682,,
08/28/2010,61527,,
08/29/2010,61682,,
08/30/2010,61717,,
08/31/2010,61768,,
09/01/2010,61768,,
09/02/2010,61768,,
09/03/2010,61682,,
09/04/2010,61768,,
09/05/2010,61441,,
09/06/2010,61579,,
09/07/2010,61630,,
09/08/2010,61768,,
09/09/2010,61682,,
09/10/2010,61389,,
09/11/2010,61630,,
09/12/2010,61579,,
09/13/2010,61441,,
09/14/2010,61682,,
09/15/2010,61527,,
09/16/2010,61441,,
09/17/2010,61527,,
09/18/2010,61303,,
09/19/2010,61389,,
09/20/2010,61389,,
09/21/2010,61303,,
09/22/2010,61389,,
09/23/2010,61200,,
09/24/2010,61114,,
09/25/2010,61010,,
09/26/2010,61114,,
09/27/2010,60770,,
09/28/2010,60959,,
09/29/2010,60873,,
09/30/2010,61200,,
10/01/2010,60822,,
10/02/2010,60822,,
10/03/2010,60770,,
10/04/2010,60822,,
10/05/2010,60925,,
10/06/2010,60873,,
10/07/2010,61010,,
10/08/2010,60959,,
10/09/2010,60822,,
10/10/2010,60822,,
10/11/2010,60925,,
10/12/2010,60873,,
10/13/2010,60736,,
10/14/2010,60822,,
10/15/2010,60925,,
10/16/2010,60873,,
10/17/2010,61148,,
10/18/2010,61010,,
10/19/2010,61062,,
10/20/2010,61062,,
10/21/2010,61200,,
10/22/2010,61114,,
10/23/2010,61148,,
10/24/2010,61200,,
10/25/2010,61114,,
10/26/2010,60959,,
10/27/2010,60959,,
10/28/2010,60925,,
10/29/2010,60873,,
10/30/2010,55954,,
10/31/2010,60736,,
11/01/2010,60633,,
11/02/2010,60445,,
11/03/2010,60359,,
11/04/2010,60445,,
11/05/2010,60445,,
11/06/2010,60445,,
11/07/2010,60925,,
11/08/2010,60736,,
11/09/2010,60582,,
11/10/2010,61010,,
11/11/2010,60959,,
11/12/2010,61251,,
11/13/2010,61200,,
11/14/2010,61200,,
11/15/2010,61200,,
11/16/2010,61200,,
11/17/2010,61148,,
11/18/2010,61200,,
11/19/2010,61717,,
11/20/2010,61820,,
11/21/2010,61959,,
11/22/2010,61820,,
11/23/2010,62149,,
11/24/2010,62583,,
11/25/2010,62913,,
11/26/2010,63105,,
11/27/2010,63681,,
11/28/2010,63734,,
11/29/2010,63979,,
11/30/2010,64260,,
12/01/2010,63629,,
12/02/2010,64120,,
12/03/2010,64067,,
12/04/2010,63979,,
12/05/2010,64015,,
12/06/2010,63927,,
12/07/2010,63874,,
12/08/2010,63787,,
12/09/2010,64260,,
12/10/2010,64208,,
12/11/2010,63927,,
12/12/2010,63874,,
12/13/2010,64173,,
12/14/2010,64208,,
12/15/2010,64260,,
12/16/2010,64260,,
12/17/2010,64401,,
12/18/2010,64595,,
12/19/2010,64895,,
12/20/2010,65231,,
12/21/2010,65709,,
12/22/2010,65869,,
12/23/2010,66012,,
12/24/2010,66012,,
12/25/2010,66012,,
12/26/2010,66101,,
12/27/2010,65567,,
12/28/2010,66350,,
12/29/2010,67280,,
12/30/2010,68325,,
12/31/2010,69271,,
01/01/2011,70076,,
01/02/2011,71235,,
01/03/2011,71809,,
01/04/2011,71642,,
01/05/2011,71494,,
01/06/2011,71439,,
01/07/2011,71346,,
01/08/2011,71346,,
01/09/2011,71346,,
01/10/2011,71402,,
01/11/2011,71143,,
01/12/2011,71291,,
01/13/2011,71291,,
01/14/2011,71032,,
01/15/2011,70793,,
01/16/2011,70940,,
01/17/2011,70738,,
01/18/2011,70738,,
01/19/2011,71199,,
01/20/2011,70793,,
01/21/2011,70627,,
01/22/2011,70682,,
01/23/2011,70627,,
01/24/2011,70609,,
01/25/2011,70590,,
01/26/2011,70590,,
01/27/2011,70223,,
01/28/2011,70021,,
01/29/2011,70333,,
01/30/2011,70480,,
01/31/2011,70333,,
02/01/2011,70480,,
02/02/2011,70223,,
02/03/2011,70278,,
02/04/2011,70131,,
02/05/2011,69984,,
02/06/2011,69618,,
02/07/2011,69673,,
02/08/2011,69381,,
02/09/2011,69527,,
02/10/2011,69180,,
02/11/2011,69180,,
02/12/2011,68961,,
02/13/2011,68578,,
02/14/2011,68434,,
02/15/2011,68778,,
02/16/2011,69618,,
02/17/2011,70076,,
02/18/2011,71143,,
02/19/2011,71550,,
02/20/2011,71698,,
02/21/2011,71809,,
02/22/2011,71605,,
02/23/2011,72310,,
02/24/2011,72310,,
02/25/2011,72366,,
02/26/2011,74047,,
02/27/2011,73747,,
02/28/2011,73597,,
03/01/2011,73485,,
03/02/2011,73242,,
03/03/2011,73803,,
03/04/2011,73391,,
03/05/2011,73185,,
03/06/2011,73447,,
03/07/2011,73185,,
03/08/2011,72366,,
03/09/2011,72366,,
03/10/2011,72980,,
03/11/2011,73017,,
03/12/2011,73017,,
03/13/2011,73017,,
03/14/2011,73167,,
03/15/2011,73185,,
03/16/2011,73167,,
03/17/2011,72887,,
03/18/2011,72663,,
03/19/2011,72980,,
03/20/2011,72626,,
03/21/2011,72719,,
03/22/2011,73036,,
03/23/2011,72663,,
03/24/2011,72980,,
03/25/2011,73036,,
03/26/2011,73036,,
03/27/2011,72924,,
03/28/2011,73335,,
03/29/2011,73242,,
03/30/2011,73634,,
03/31/2011,73073,,
04/01/2011,73073,,
04/02/2011,72924,,
04/03/2011,72868,,
04/04/2011,73036,,
04/05/2011,73129,,
04/06/2011,72999,,
04/07/2011,73036,,
04/08/2011,72794,,
04/09/2011,72887,,
04/10/2011,72607,,
04/11/2011,73073,,
04/12/2011,72775,,
04/13/2011,73073,,
04/14/2011,72775,,
04/15/2011,73036,,
04/16/2011,73242,,
04/17/2011,73129,,
04/18/2011,72980,,
04/19/2011,73335,,
04/20/2011,73242,,
04/21/2011,73447,,
04/22/2011,73391,,
04/23/2011,73541,,
04/24/2011,73335,,
04/25/2011,73242,,
04/26/2011,73447,,
04/27/2011,73691,,
04/28/2011,73747,,
04/29/2011,73541,,
04/30/2011,73747,,
05/01/2011,72980,,
05/02/2011,72980,,
05/03/2011,73185,,
05/04/2011,72924,,
05/05/2011,72924,,
05/06/2011,72663,,
05/07/2011,72421,,
05/08/2011,72106,,
05/09/2011,72421,,
05/10/2011,72050,,
05/11/2011,71753,,
05/12/2011,71439,,
05/13/2011,71902,,
05/14/2011,71902,,
05/15/2011,72013,,
05/16/2011,72050,,
05/17/2011,72421,,
05/18/2011,72459,,
05/19/2011,72217,,
05/20/2011,72254,,
05/21/2011,72217,,
05/22/2011,73036,,
05/23/2011,73485,,
05/24/2011,72924,,
05/25/2011,72831,,
05/26/2011,73279,,
05/27/2011,72980,,
05/28/2011,73335,,
05/29/2011,73129,,
05/30/2011,72980,,
05/31/2011,72831,,
06/01/2011,72514,,
06/02/2011,72421,,
06/03/2011,72421,,
06/04/2011,72254,,
06/05/2011,72421,,
06/06/2011,72161,,
06/07/2011,72421,,
06/08/2011,72013,,
06/09/2011,71698,,
06/10/2011,71846,,
06/11/2011,72254,,
06/12/2011,71902,,
06/13/2011,71846,,
06/14/2011,72106,,
06/15/2011,71809,,
06/16/2011,71698,,
06/17/2011,71605,,
06/18/2011,71753,,
06/19/2011,72013,,
06/20/2011,72013,,
06/21/2011,72217,,
06/22/2011,71864,,
06/23/2011,72254,,
06/24/2011,72236,,
06/25/2011,72050,,
06/26/2011,72217,,
06/27/2011,72106,,
06/28/2011,72421,,
06/29/2011,72310,,
06/30/2011,72384,,
07/01/2011,72459,,
07/02/2011,72421,,
07/03/2011,71864,,
07/04/2011,71864,,
07/05/2011,71902,,
07/06/2011,71291,,
07/07/2011,71642,,
07/08/2011,71439,,
07/09/2011,71235,,
07/10/2011,71605,,
07/11/2011,71309,,
07/12/2011,71088,,
07/13/2011,71235,,
07/14/2011,71143,,
07/15/2011,71143,,
07/16/2011,70940,,
07/17/2011,70627,,
07/18/2011,70996,,
07/19/2011,70388,,
07/20/2011,70388,,
07/21/2011,70480,,
07/22/2011,70388,,
07/23/2011,70388,,
07/24/2011,70388,,
07/25/2011,70131,,
07/26/2011,70021,,
07/27/2011,70021,,
07/28/2011,70076,,
07/29/2011,70094,,
07/30/2011,70058,,
07/31/2011,69655,,
08/01/2011,69655,,
08/02/2011,69838,,
08/03/2011,70076,,
08/04/2011,70388,,
08/05/2011,70278,,
08/06/2011,70278,,
08/07/2011,70333,,
08/08/2011,70388,,
08/09/2011,70205,,
08/10/2011,69930,,
08/11/2011,70186,,
08/12/2011,69783,,
08/13/2011,70021,,
08/14/2011,69930,,
08/15/2011,69673,,
08/16/2011,69618,,
08/17/2011,69655,,
08/18/2011,69527,,
08/19/2011,69417,,
08/20/2011,69290,,
08/21/2011,68868,,
08/22/2011,69180,,
08/23/2011,68868,,
08/24/2011,68925,,
08/25/2011,68669,,
08/26/2011,68578,,
08/27/2011,68723,,
08/28/2011,68126,,
08/29/2011,68235,,
08/30/2011,68271,,
08/31/2011,67982,,
09/01/2011,68126,,
09/02/2011,68072,,
09/03/2011,67676,,
09/04/2011,67532,,
09/05/2011,67730,,
09/06/2011,67442,,
09/07/2011,67640,,
09/08/2011,66994,,
09/09/2011,67478,,
09/10/2011,67586,,
09/11/2011,66994,,
09/12/2011,67191,,
09/13/2011,66940,,
09/14/2011,66940,,
09/15/2011,66761,,
09/16/2011,66994,,
09/17/2011,66743,,
09/18/2011,66600,,
09/19/2011,66350,,
09/20/2011,66154,,
09/21/2011,66261,,
09/22/2011,66297,,
09/23/2011,66297,,
09/24/2011,66261,,
09/25/2011,66207,,
09/26/2011,65905,,
09/27/2011,66012,,
09/28/2011,65816,,
09/29/2011,66012,,
09/30/2011,66012,,
10/01/2011,65390,,
10/02/2011,65514,,
10/03/2011,65372,,
10/04/2011,65621,,
10/05/2011,65709,,
10/06/2011,65426,,
10/07/2011,65514,,
10/08/2011,65514,,
10/09/2011,65514,,
10/10/2011,65621,,
10/11/2011,65479,,
10/12/2011,65426,,
10/13/2011,65372,,
10/14/2011,65514,,
10/15/2011,65479,,
10/16/2011,65709,,
10/17/2011,65567,,
10/18/2011,65816,,
10/19/2011,65426,,
10/20/2011,65905,,
10/21/2011,65869,,
10/22/2011,66207,,
10/23/2011,65869,,
10/24/2011,66261,,
10/25/2011,66493,,
10/26/2011,66689,,
10/27/2011,66797,,
10/28/2011,67245,,
10/29/2011,66994,,
10/30/2011,67280,,
10/31/2011,67640,,
11/01/2011,68036,,
11/02/2011,67784,,
11/03/2011,68524,,
11/04/2011,68633,,
11/05/2011,68980,,
11/06/2011,68980,,
11/07/2011,69417,,
11/08/2011,70021,,
11/09/2011,70021,,
11/10/2011,70131,,
11/11/2011,70076,,
11/12/2011,71088,,
11/13/2011,71143,,
11/14/2011,71346,,
11/15/2011,71439,,
11/16/2011,71642,,
11/17/2011,71809,,
11/18/2011,72775,,
11/19/2011,72831,,
11/20/2011,72924,,
11/21/2011,73279,,
11/22/2011,73335,,
11/23/2011,73129,,
11/24/2011,73036,,
11/25/2011,72924,,
11/26/2011,73129,,
11/27/2011,73279,,
11/28/2011,73036,,
11/29/2011,72868,,
11/30/2011,73036,,
12/01/2011,72831,,
12/02/2011,72980,,
12/03/2011,73036,,
12/04/2011,73185,,
12/05/2011,73036,,
12/06/2011,73279,,
12/07/2011,73335,,
12/08/2011,73242,,
12/09/2011,74103,,
12/10/2011,73747,,
12/11/2011,74253,,
12/12/2011,74667,,
12/13/2011,74366,,
12/14/2011,74253,,
12/15/2011,74159,,
12/16/2011,74009,,
12/17/2011,73953,,
12/18/2011,73747,,
12/19/2011,73485,,
12/20/2011,73447,,
12/21/2011,73335,,
12/22/2011,73036,,
12/23/2011,73073,,
12/24/2011,73391,,
12/25/2011,72421,,
12/26/2011,72310,,
12/27/2011,72254,,
12/28/2011,72013,,
12/29/2011,71346,,
12/30/2011,71698,,
12/31/2011,71642,,
01/01/2012,70996,,
01/02/2012,70333,,
01/03/2012,70278,,
01/04/2012,70131,,
01/05/2012,70021,,
01/06/2012,70021,,
01/07/2012,69673,,
01/08/2012,69527,,
01/09/2012,68868,,
01/10/2012,68470,,
01/11/2012,68379,,
01/12/2012,68235,,
01/13/2012,68072,,
01/14/2012,67334,,
01/15/2012,67388,,
01/16/2012,66940,,
01/17/2012,66743,,
01/18/2012,66743,,
01/19/2012,66654,,
01/20/2012,67137,,
01/21/2012,67676,,
01/22/2012,67928,,
01/23/2012,68181,,
01/24/2012,68325,,
01/25/2012,68470,,
01/26/2012,68669,,
01/27/2012,68868,,
01/28/2012,68868,,
01/29/2012,68578,,
01/30/2012,68578,,
01/31/2012,68868,,
02/01/2012,69618,,
02/02/2012,70590,,
02/03/2012,71402,,
02/04/2012,72421,,
02/05/2012,73185,,
02/06/2012,74103,,
02/07/2012,74423,,
02/08/2012,73953,,
02/09/2012,74103,,
02/10/2012,74103,,
02/11/2012,74103,,
02/12/2012,74103,,
02/13/2012,73840,,
02/14/2012,74009,,
02/15/2012,74159,,
02/16/2012,74103,,
02/17/2012,74103,,
02/18/2012,74159,,
02/19/2012,74103,,
02/20/2012,74047,,
02/21/2012,73840,,
02/22/2012,73691,,
02/23/2012,74009,,
02/24/2012,73541,,
02/25/2012,73840,,
02/26/2012,73691,,
02/27/2012,73840,,
02/28/2012,73953,,
02/29/2012,73953,,
03/01/2012,73840,,
03/02/2012,73840,,
03/03/2012,73840,,
03/04/2012,73391,,
03/05/2012,73541,,
03/06/2012,73840,,
03/07/2012,73747,,
03/08/2012,73840,,
03/09/2012,73597,,
03/10/2012,73541,,
03/11/2012,73541,,
03/12/2012,73840,,
03/13/2012,73803,,
03/14/2012,73840,,
03/15/2012,73953,,
03/16/2012,73803,,
03/17/2012,74103,,
03/18/2012,74103,,
03/19/2012,74159,,
03/20/2012,74103,,
03/21/2012,73953,,
03/22/2012,74047,,
03/23/2012,74047,,
03/24/2012,74103,,
03/25/2012,74103,,
03/26/2012,73953,,
03/27/2012,74009,,
03/28/2012,74103,,
03/29/2012,73953,,
03/30/2012,73840,,
03/31/2012,73953,,
04/01/2012,74103,,
04/02/2012,73840,,
04/03/2012,73803,,
04/04/2012,73840,,
04/05/2012,73840,,
04/06/2012,73840,,
04/07/2012,73597,,
04/08/2012,73691,,
04/09/2012,73391,,
04/10/2012,73541,,
04/11/2012,73691,,
04/12/2012,73691,,
04/13/2012,73840,,
04/14/2012,73840,,
04/15/2012,73634,,
04/16/2012,73541,,
04/17/2012,73541,,
04/18/2012,73541,,
04/19/2012,73541,,
04/20/2012,73391,,
04/21/2012,73541,,
04/22/2012,73541,,
04/23/2012,73541,,
04/24/2012,73541,,
04/25/2012,73691,,
04/26/2012,73691,,
04/27/2012,73747,,
04/28/2012,73840,,
04/29/2012,73840,,
04/30/2012,73840,,
05/01/2012,73953,,
05/02/2012,74009,,
05/03/2012,73953,,
05/04/2012,73953,,
05/05/2012,74009,,
05/06/2012,74009,,
05/07/2012,73953,,
05/08/2012,73840,,
05/09/2012,73803,,
05/10/2012,73803,,
05/11/2012,73803,,
05/12/2012,74009,,
05/13/2012,73953,,
05/14/2012,73840,,
05/15/2012,73840,,
05/16/2012,73691,,
05/17/2012,73541,,
05/18/2012,73597,,
05/19/2012,73597,,
05/20/2012,73447,,
05/21/2012,73447,,
05/22/2012,73391,,
05/23/2012,73447,,
05/24/2012,73279,,
05/25/2012,73242,,
05/26/2012,73279,,
05/27/2012,73391,,
05/28/2012,73447,,
05/29/2012,73541,,
05/30/2012,73840,,
05/31/2012,73840,,
06/01/2012,73840,,
06/02/2012,73953,,
06/03/2012,73840,,
06/04/2012,74009,,
06/05/2012,73691,,
06/06/2012,73691,,
06/07/2012,73597,,
06/08/2012,73691,,
06/09/2012,73691,,
06/10/2012,73541,,
06/11/2012,73541,,
06/12/2012,73597,,
06/13/2012,73541,,
06/14/2012,73391,,
06/15/2012,73279,,
06/16/2012,73447,,
06/17/2012,73129,,
06/18/2012,73036,,
06/19/2012,72868,,
06/20/2012,72719,,
06/21/2012,72868,,
06/22/2012,72719,,
06/23/2012,72626,,
06/24/2012,72421,,
06/25/2012,72421,,
06/26/2012,72217,,
06/27/2012,72050,,
06/28/2012,71902,,
06/29/2012,71809,,
06/30/2012,71809,,
07/01/2012,71809,,
07/02/2012,71642,,
07/03/2012,71494,,
07/04/2012,71494,,
07/05/2012,71494,,
07/06/2012,71346,,
07/07/2012,71642,,
07/08/2012,71642,,
07/09/2012,71550,,
07/10/2012,71235,,
07/11/2012,71291,,
07/12/2012,71494,,
07/13/2012,71402,,
07/14/2012,71235,,
07/15/2012,71088,,
07/16/2012,71088,,
07/17/2012,71235,,
07/18/2012,71402,,
07/19/2012,71235,,
07/20/2012,71235,,
07/21/2012,71088,,
07/22/2012,71088,,
07/23/2012,71235,,
07/24/2012,71235,,
07/25/2012,71402,,
07/26/2012,71402,,
07/27/2012,71402,,
07/28/2012,71550,,
07/29/2012,71550,,
07/30/2012,71494,,
07/31/2012,71642,,
08/01/2012,71494,,
08/02/2012,71494,,
08/03/2012,71550,,
08/04/2012,71642,,
08/05/2012,71642,,
08/06/2012,71753,,
08/07/2012,71902,,
08/08/2012,71957,,
08/09/2012,72050,,
08/10/2012,72050,,
08/11/2012,72421,,
08/12/2012,72236,,
08/13/2012,72421,,
08/14/2012,72421,,
08/15/2012,72570,,
08/16/2012,72719,,
08/17/2012,72868,,
08/18/2012,72570,,
08/19/2012,72868,,
08/20/2012,72868,,
08/21/2012,72831,,
08/22/2012,72980,,
08/23/2012,72831,,
08/24/2012,72868,,
08/25/2012,72831,,
08/26/2012,72831,,
08/27/2012,72868,,
08/28/2012,72980,,
08/29/2012,72831,,
08/30/2012,73129,,
08/31/2012,73129,,
09/01/2012,73129,,
09/02/2012,72980,,
09/03/2012,73129,,
09/04/2012,73185,,
09/05/2012,73129,,
09/06/2012,72980,,
09/07/2012,73129,,
09/08/2012,72980,,
09/09/2012,73129,,
09/10/2012,73129,,
09/11/2012,73129,,
09/12/2012,73036,,
09/13/2012,72868,,
09/14/2012,72570,,
09/15/2012,72868,,
09/16/2012,72868,,
09/17/2012,72719,,
09/18/2012,72570,,
09/19/2012,72719,,
09/20/2012,72570,,
09/21/2012,72570,,
09/22/2012,72570,,
09/23/2012,72459,,
09/24/2012,72421,,
09/25/2012,72217,,
09/26/2012,72421,,
09/27/2012,72421,,
09/28/2012,72421,,
09/29/2012,72217,,
09/30/2012,72013,,
10/01/2012,72050,,
10/02/2012,72217,,
10/03/2012,72421,,
10/04/2012,72421,,
10/05/2012,72421,,
10/06/2012,72421,,
10/07/2012,72421,,
10/08/2012,72050,,
10/09/2012,71902,,
10/10/2012,71753,,
10/11/2012,71957,,
10/12/2012,71642,,
10/13/2012,71957,,
10/14/2012,71642,,
10/15/2012,71642,,
10/16/2012,71642,,
10/17/2012,71605,,
10/18/2012,71957,,
10/19/2012,71753,,
10/20/2012,71957,,
10/21/2012,72050,,
10/22/2012,72050,,
10/23/2012,72421,,
10/24/2012,72421,,
10/25/2012,72459,,
10/26/2012,72570,,
10/27/2012,72626,,
10/28/2012,72626,,
10/29/2012,72868,,
10/30/2012,72868,,
10/31/2012,73129,,
11/01/2012,73279,,
11/02/2012,73447,,
11/03/2012,74216,,
11/04/2012,73129,,
11/05/2012,74047,,
11/06/2012,74103,,
11/07/2012,74253,,
11/08/2012,73953,,
11/09/2012,74103,,
11/10/2012,74009,,
11/11/2012,74253,,
11/12/2012,73953,,
11/13/2012,73391,,
11/14/2012,73747,,
11/15/2012,73691,,
11/16/2012,73541,,
11/17/2012,73840,,
11/18/2012,73840,,
11/19/2012,73691,,
11/20/2012,73541,,
11/21/2012,73840,,
11/22/2012,73447,,
11/23/2012,73840,,
11/24/2012,73691,,
11/25/2012,73691,,
11/26/2012,73691,,
11/27/2012,74009,,
11/28/2012,74159,,
11/29/2012,74253,,
11/30/2012,74253,,
12/01/2012,74253,,
12/02/2012,74103,,
12/03/2012,74009,,
12/04/2012,74103,,
12/05/2012,74253,,
12/06/2012,74103,,
12/07/2012,74253,,
12/08/2012,74253,,
12/09/2012,74253,,
12/10/2012,74103,,
12/11/2012,74103,,
12/12/2012,74253,,
12/13/2012,74423,,
12/14/2012,74103,,
12/15/2012,73840,,
12/16/2012,73747,,
12/17/2012,73279,,
12/18/2012,72924,,
12/19/2012,72626,,
12/20/2012,72421,,
12/21/2012,72106,,
12/22/2012,71957,,
12/23/2012,71550,,
12/24/2012,71402,,
12/25/2012,71032,,
12/26/2012,70793,,
12/27/2012,70480,,
12/28/2012,70186,,
12/29/2012,70076,,
12/30/2012,69527,,
12/31/2012,69417,,
01/01/2013,69271,,
01/02/2013,69180,,
01/03/2013,68434,,
01/04/2013,68235,,
01/05/2013,67784,,
01/06/2013,67640,,
01/07/2013,67137,,
01/08/2013,67137,,
01/09/2013,66743,,
01/10/2013,66600,,
01/11/2013,66207,,
01/12/2013,65674,,
01/13/2013,65621,,
01/14/2013,65231,,
01/15/2013,65284,,
01/16/2013,65125,,
01/17/2013,64789,,
01/18/2013,64648,,
01/19/2013,64401,,
01/20/2013,63979,,
01/21/2013,64120,,
01/22/2013,63979,,
01/23/2013,64120,,
01/24/2013,64401,,
01/25/2013,64260,,
01/26/2013,64067,,
01/27/2013,63681,,
01/28/2013,63349,,
01/29/2013,63349,,
01/30/2013,62826,,
01/31/2013,62531,,
02/01/2013,62531,,
02/02/2013,62670,,
02/03/2013,63105,,
02/04/2013,63297,,
02/05/2013,63734,,
02/06/2013,63979,,
02/07/2013,64208,,
02/08/2013,64736,,
02/09/2013,65107,,
02/10/2013,65284,,
02/11/2013,65567,,
02/12/2013,66012,,
02/13/2013,66154,,
02/14/2013,66600,,
02/15/2013,66546,,
02/16/2013,67388,,
02/17/2013,68036,,
02/18/2013,68832,,
02/19/2013,69527,,
02/20/2013,69783,,
02/21/2013,69930,,
02/22/2013,70021,,
02/23/2013,70590,,
02/24/2013,70682,,
02/25/2013,70996,,
02/26/2013,71402,,
02/27/2013,71642,,
02/28/2013,71753,,
03/01/2013,72217,,
03/02/2013,72421,,
03/03/2013,72868,,
03/04/2013,73167,,
03/05/2013,73447,,
03/06/2013,73691,,
03/07/2013,73747,,
03/08/2013,74009,,
03/09/2013,73747,,
03/10/2013,73541,,
03/11/2013,73447,,
03/12/2013,73447,,
03/13/2013,73242,,
03/14/2013,73447,,
03/15/2013,73391,,
03/16/2013,73279,,
03/17/2013,73279,,
03/18/2013,73129,,
03/19/2013,73279,,
03/20/2013,73541,,
03/21/2013,73541,,
03/22/2013,73691,,
03/23/2013,73803,,
03/24/2013,73803,,
03/25/2013,73803,,
03/26/2013,73803,,
03/27/2013,73541,,
03/28/2013,73541,,
03/29/2013,73541,,
03/30/2013,73279,,
03/31/2013,73279,,
04/01/2013,73129,,
04/02/2013,73129,,
04/03/2013,72980,,
04/04/2013,72980,,
04/05/2013,73036,,
04/06/2013,73036,,
04/07/2013,73354,,
04/08/2013,73185,,
04/09/2013,73036,,
04/10/2013,73036,,
04/11/2013,73073,,
04/12/2013,73279,,
04/13/2013,73242,,
04/14/2013,73129,,
04/15/2013,73129,,
04/16/2013,73036,,
04/17/2013,73036,,
04/18/2013,72719,,
04/19/2013,72868,,
04/20/2013,72719,,
04/21/2013,72570,,
04/22/2013,72421,,
04/23/2013,72421,,
04/24/2013,72570,,
04/25/2013,72459,,
04/26/2013,72421,,
04/27/2013,72161,,
04/28/2013,72161,,
04/29/2013,71902,,
04/30/2013,72161,,
05/01/2013,71753,,
05/02/2013,71902,,
05/03/2013,71753,,
05/04/2013,71902,,
05/05/2013,71902,,
05/06/2013,71902,,
05/07/2013,71902,,
05/08/2013,72013,,
05/09/2013,72421,,
05/10/2013,72421,,
05/11/2013,72217,,
05/12/2013,72161,,
05/13/2013,72106,,
05/14/2013,72013,,
05/15/2013,72421,,
05/16/2013,72570,,
05/17/2013,72719,,
05/18/2013,72980,,
05/19/2013,73391,,
05/20/2013,73391,,
05/21/2013,73391,,
05/22/2013,73541,,
05/23/2013,73242,,
05/24/2013,73242,,
05/25/2013,73391,,
05/26/2013,73129,,
05/27/2013,73129,,
05/28/2013,73129,,
05/29/2013,73129,,
05/30/2013,72831,,
05/31/2013,72868,,
06/01/2013,72663,,
06/02/2013,72663,,
06/03/2013,72719,,
06/04/2013,72570,,
06/05/2013,72421,,
06/06/2013,72421,,
06/07/2013,72254,,
06/08/2013,72106,,
06/09/2013,71846,,
06/10/2013,71846,,
06/11/2013,71698,,
06/12/2013,71439,,
06/13/2013,71346,,
06/14/2013,71032,,
06/15/2013,71032,,
06/16/2013,70940,,
06/17/2013,70627,,
06/18/2013,70480,,
06/19/2013,70333,,
06/20/2013,70223,,
06/21/2013,69984,,
06/22/2013,69783,,
06/23/2013,69527,,
06/24/2013,69417,,
06/25/2013,69417,,
06/26/2013,69326,,
06/27/2013,68980,,
06/28/2013,68868,,
06/29/2013,68980,,
06/30/2013,68832,,
07/01/2013,68669,,
07/02/2013,68669,,
07/03/2013,68578,,
07/04/2013,68470,,
07/05/2013,68379,,
07/06/2013,68434,,
07/07/2013,68434,,
07/08/2013,68669,,
07/09/2013,68578,,
07/10/2013,68669,,
07/11/2013,68669,,
07/12/2013,68723,,
07/13/2013,68669,,
07/14/2013,68524,,
07/15/2013,68578,,
07/16/2013,68578,,
07/17/2013,68669,,
07/18/2013,68669,,
07/19/2013,68669,,
07/20/2013,68980,,
07/21/2013,68925,,
07/22/2013,68980,,
07/23/2013,69217,,
07/24/2013,69217,,
07/25/2013,69217,,
07/26/2013,69071,,
07/27/2013,69217,,
07/28/2013,69217,,
07/29/2013,69217,,
07/30/2013,69071,,
07/31/2013,69217,,
08/01/2013,69326,,
08/02/2013,69217,,
08/03/2013,69381,,
08/04/2013,69381,,
08/05/2013,69381,,
08/06/2013,69326,,
08/07/2013,69472,,
08/08/2013,69472,,
08/09/2013,69472,,
08/10/2013,69472,,
08/11/2013,69472,,
08/12/2013,69527,,
08/13/2013,69618,,
08/14/2013,69472,,
08/15/2013,69618,,
08/16/2013,69783,,
08/17/2013,69618,,
08/18/2013,69618,,
08/19/2013,69618,,
08/20/2013,69728,,
08/21/2013,69618,,
08/22/2013,69783,,
08/23/2013,69783,,
08/24/2013,69783,,
08/25/2013,70021,,
08/26/2013,70021,,
08/27/2013,70021,,
08/28/2013,70186,,
08/29/2013,70425,,
08/30/2013,70205,,
08/31/2013,70830,,
09/01/2013,70793,,
09/02/2013,70996,,
09/03/2013,71143,,
09/04/2013,71235,,
09/05/2013,71402,,
09/06/2013,71494,,
09/07/2013,71642,,
09/08/2013,71809,,
09/09/2013,71902,,
09/10/2013,72050,,
09/11/2013,72217,,
09/12/2013,72217,,
09/13/2013,72421,,
09/14/2013,72421,,
09/15/2013,72421,,
09/16/2013,72421,,
09/17/2013,72421,,
09/18/2013,72626,,
09/19/2013,72626,,
09/20/2013,72868,,
09/21/2013,72868,,
09/22/2013,73036,,
09/23/2013,73036,,
09/24/2013,73036,,
09/25/2013,73036,,
09/26/2013,72868,,
09/27/2013,73036,,
09/28/2013,72570,,
09/29/2013,72626,,
09/30/2013,72570,,
10/01/2013,72459,,
10/02/2013,72570,,
10/03/2013,72626,,
10/04/2013,72459,,
10/05/2013,72459,,
10/06/2013,72421,,
10/07/2013,72421,,
10/08/2013,72421,,
10/09/2013,72459,,
10/10/2013,72421,,
10/11/2013,72459,,
10/12/2013,72421,,
10/13/2013,72421,,
10/14/2013,72217,,
10/15/2013,72421,,
10/16/2013,72421,,
10/17/2013,72421,,
10/18/2013,72570,,
10/19/2013,72719,,
10/20/2013,72868,,
10/21/2013,72868,,
10/22/2013,72868,,
10/23/2013,73129,,
10/24/2013,73129,,
10/25/2013,73279,,
10/26/2013,73185,,
10/27/2013,73129,,
10/28/2013,73129,,
10/29/2013,73279,,
10/30/2013,73279,,
10/31/2013,73279,,
11/01/2013,73185,,
11/02/2013,73279,,
11/03/2013,73242,,
11/04/2013,73447,,
11/05/2013,73129,,
11/06/2013,73279,,
11/07/2013,73129,,
11/08/2013,73129,,
11/09/2013,73242,,
11/10/2013,73279,,
11/11/2013,73279,,
11/12/2013,73447,,
11/13/2013,73447,,
11/14/2013,73391,,
11/15/2013,73691,,
11/16/2013,73541,,
11/17/2013,73541,,
11/18/2013,73541,,
11/19/2013,73691,,
11/20/2013,73691,,
11/21/2013,73840,,
11/22/2013,73840,,
11/23/2013,74103,,
11/24/2013,74103,,
11/25/2013,74103,,
11/26/2013,73953,,
11/27/2013,73953,,
11/28/2013,74009,,
11/29/2013,73840,,
11/30/2013,73541,,
12/01/2013,73691,,
12/02/2013,73691,,
12/03/2013,73691,,
12/04/2013,73691,,
12/05/2013,73447,,
12/06/2013,74385,,
12/07/2013,73279,,
12/08/2013,73335,,
12/09/2013,73242,,
12/10/2013,73279,,
12/11/2013,73036,,
12/12/2013,73036,,
12/13/2013,73185,,
12/14/2013,73036,,
12/15/2013,72980,,
12/16/2013,72980,,
12/17/2013,72719,,
12/18/2013,72719,,
12/19/2013,72719,,
12/20/2013,72775,,
12/21/2013,72626,,
12/22/2013,72775,,
12/23/2013,72626,,
12/24/2013,72719,,
12/25/2013,1562.01,,72626,,0.00,,
12/26/2013,1561.90,,72421,,0.00,,
12/27/2013,1561.79,,72217,,0.00,,
12/28/2013,1561.90,,72421,,0.00,,
12/29/2013,1562.09,,72775,,0.00,,
12/30/2013,1561.79,,72217,,--,,
12/31/2013,1561.92,,72459,,--,,
01/01/2014,1561.90,,72421,,--,,0.00,,
01/02/2014,1562.01,,72626,,--,,0.00,,
01/03/2014,1562.01,,72626,,--,,--,,
01/04/2014,1561.92,,72459,,--,,0.00,,
01/05/2014,1562.06,,72719,,--,,0.00,,
01/06/2014,1561.92,,72459,,--,,0.00,,
01/07/2014,1562.01,,72626,,--,,0.00,,
01/08/2014,1562.06,,72719,,--,,0.00,,
01/09/2014,1562.01,,72626,,--,,0.00,,
01/10/2014,1561.90,,72421,,--,,0.00,,
01/11/2014,1561.92,,72459,,--,,0.00,,
01/12/2014,1562.01,,72626,,--,,0.00,,
01/13/2014,1562.01,,72626,,--,,0.00,,
01/14/2014,1562.01,,72626,,--,,0.00,,
01/15/2014,1561.90,,72421,,--,,0.00,,
01/16/2014,1561.79,,72217,,--,,0.00,,
01/17/2014,1561.79,,72217,,--,,0.00,,
01/18/2014,1561.68,,72013,,--,,0.00,,
01/19/2014,1561.79,,72217,,--,,0.00,,
01/20/2014,1561.79,,72217,,--,,0.00,,
01/21/2014,1561.90,,72421,,--,,0.00,,
01/22/2014,1561.70,,72050,,--,,0.00,,
01/23/2014,1561.90,,72421,,--,,0.00,,
01/24/2014,1561.79,,72217,,--,,0.00,,
01/25/2014,1561.79,,72217,,--,,0.00,,
01/26/2014,1561.90,,72421,,--,,0.00,,
01/27/2014,1561.79,,72217,,--,,0.00,,
01/28/2014,1561.90,,72421,,--,,0.00,,
01/29/2014,1561.70,,72050,,--,,0.00,,
01/30/2014,1561.79,,72217,,--,,0.00,,
01/31/2014,1561.79,,72217,,--,,0.09,,
02/01/2014,1561.79,,72217,,--,,0.00,,
02/02/2014,1561.90,,72421,,--,,0.00,,
02/03/2014,1561.90,,72421,,--,,0.00,,
02/04/2014,1561.90,,72421,,--,,0.00,,
02/05/2014,1561.92,,72459,,--,,0.00,,
02/06/2014,1562.14,,72868,,--,,0.00,,
02/07/2014,1562.23,,73036,,--,,0.07,,
02/08/2014,1562.23,,73036,,--,,0.00,,
02/09/2014,1562.28,,73129,,--,,0.00,,
02/10/2014,1562.36,,73279,,--,,0.00,,
02/11/2014,1562.31,,73185,,--,,0.00,,
02/12/2014,1562.36,,73279,,--,,0.00,,
02/13/2014,1562.36,,73279,,--,,0.00,,
02/14/2014,1562.28,,73129,,--,,0.00,,
02/15/2014,1562.28,,73129,,--,,0.00,,
02/16/2014,1562.36,,73279,,--,,0.00,,
02/17/2014,1562.36,,73279,,--,,0.00,,
02/18/2014,1562.36,,73279,,--,,0.00,,
02/19/2014,1562.28,,73129,,--,,0.00,,
02/20/2014,1562.45,,73447,,--,,0.00,,
02/21/2014,1562.36,,73279,,--,,0.00,,
02/22/2014,1562.45,,73447,,--,,0.00,,
02/23/2014,1562.53,,73597,,--,,0.00,,
02/24/2014,1562.50,,73541,,--,,0.00,,
02/25/2014,1562.55,,73634,,--,,0.00,,
02/26/2014,1562.50,,73541,,--,,0.00,,
02/27/2014,1562.42,,73391,,--,,0.02,,
02/28/2014,1562.58,,73691,,--,,0.90,,
03/01/2014,1562.53,,73597,,--,,1.21,,
03/02/2014,1562.53,,73597,,--,,0.13,,
03/03/2014,1562.36,,73279,,--,,0.18,,
03/04/2014,1562.28,,73129,,--,,0.00,,
03/05/2014,1562.28,,73129,,--,,0.00,,
03/06/2014,1562.12,,72831,,--,,0.00,,
03/07/2014,1562.14,,72868,,--,,0.00,,
03/08/2014,1562.06,,72719,,--,,0.00,,
03/09/2014,1561.79,,72217,,--,,0.00,,
03/10/2014,1561.90,,72421,,--,,0.00,,
03/11/2014,1561.79,,72217,,--,,0.00,,
03/12/2014,1561.70,,72050,,--,,0.00,,
03/13/2014,1561.70,,72050,,--,,0.00,,
03/14/2014,1561.62,,71902,,--,,0.00,,
03/15/2014,1561.48,,71642,,--,,0.00,,
03/16/2014,1561.35,,71402,,--,,0.00,,
03/17/2014,1561.24,,71199,,--,,0.00,,
03/18/2014,1561.10,,70940,,--,,0.00,,
03/19/2014,1561.13,,70996,,--,,0.00,,
03/20/2014,1561.04,,70830,,--,,0.00,,
03/21/2014,1560.96,,70682,,--,,0.00,,
03/22/2014,1560.91,,70590,,--,,0.00,,
03/23/2014,1560.80,,70388,,--,,0.00,,
03/24/2014,1560.66,,70131,,--,,0.00,,
03/25/2014,1560.66,,70131,,--,,0.00,,
03/26/2014,1560.58,,69984,,--,,0.00,,
03/27/2014,1560.60,,70021,,--,,0.00,,
03/28/2014,1560.52,,69875,,--,,0.00,,
03/29/2014,1560.44,,69728,,--,,0.00,,
03/30/2014,1560.30,,69472,,--,,0.00,,
03/31/2014,1560.25,,69381,,--,,0.00,,
04/01/2014,1560.25,,69381,,--,,0.02,,
04/02/2014,1560.25,,69381,,--,,0.14,,
04/03/2014,1560.11,,69125,,--,,0.03,,
04/04/2014,1560.03,,68980,,--,,0.00,,
04/05/2014,1559.86,,68669,,--,,0.00,,
04/06/2014,1559.78,,68524,,--,,0.00,,
04/07/2014,1559.64,,68271,,--,,0.00,,
04/08/2014,1559.56,,68126,,--,,0.00,,
04/09/2014,1559.59,,68181,,--,,0.00,,
04/10/2014,1559.51,,68036,,--,,0.00,,
04/11/2014,1559.23,,67532,,--,,0.00,,
04/12/2014,1559.20,,67478,,--,,0.00,,
04/13/2014,1559.07,,67245,,--,,0.00,,
04/14/2014,1559.01,,67137,,--,,0.00,,
04/15/2014,1558.76,,66689,,--,,0.00,,
04/16/2014,1558.63,,66457,,--,,0.00,,
04/17/2014,1558.54,,66297,,--,,0.00,,
04/18/2014,1558.46,,66154,,--,,0.00,,
04/19/2014,1558.32,,65905,,--,,0.00,,
04/20/2014,1558.19,,65674,,--,,0.00,,
04/21/2014,1557.94,,65231,,--,,0.00,,
04/22/2014,1557.88,,65125,,--,,0.00,,
04/23/2014,1557.80,,64983,,--,,0.00,,
04/24/2014,1557.58,,64595,,--,,0.00,,
04/25/2014,1557.53,,64507,,--,,0.00,,
04/26/2014,1557.36,,64208,,--,,0.30,,
04/27/2014,1557.28,,64067,,--,,0.00,,
04/28/2014,1557.01,,63594,,--,,0.00,,
04/29/2014,1556.84,,63297,,--,,0.00,,
04/30/2014,1556.70,,63053,,--,,0.00,,
05/01/2014,1556.54,,62774,,--,,0.00,,
05/02/2014,1556.40,,62531,,--,,0.00,,
05/03/2014,1556.24,,62253,,--,,0.00,,
05/04/2014,1556.21,,62201,,--,,0.00,,
05/05/2014,1556.13,,62062,,--,,0.00,,
05/06/2014,1555.88,,61630,,--,,0.00,,
05/07/2014,1555.74,,61389,,--,,0.00,,
05/08/2014,1555.60,,61148,,--,,0.00,,
05/09/2014,1555.44,,60873,,--,,--,,
05/10/2014,1555.47,,60925,,--,,0.00,,
05/11/2014,1555.44,,60873,,--,,0.00,,
05/12/2014,1555.60,,61148,,--,,0.00,,
05/13/2014,1555.74,,61389,,--,,0.00,,
05/14/2014,1555.63,,61200,,--,,0.00,,
05/15/2014,1555.47,,60925,,--,,0.00,,
05/16/2014,1555.58,,61114,,--,,0.00,,
05/17/2014,1555.69,,61303,,--,,0.00,,
05/18/2014,1555.69,,61303,,--,,0.00,,
05/19/2014,1555.82,,61527,,--,,0.00,,
05/20/2014,1555.77,,61441,,--,,0.00,,
05/21/2014,1555.82,,61527,,--,,0.00,,
05/22/2014,1555.82,,61527,,--,,0.00,,
05/23/2014,1555.82,,61527,,--,,0.00,,
05/24/2014,1555.91,,61682,,--,,0.00,,
05/25/2014,1555.91,,61682,,--,,0.00,,
05/26/2014,1555.82,,61527,,--,,0.00,,
05/27/2014,1555.82,,61527,,--,,0.00,,
05/28/2014,1555.82,,61527,,--,,0.00,,
05/29/2014,1555.82,,61527,,--,,0.00,,
05/30/2014,1555.77,,61441,,--,,0.00,,
05/31/2014,1555.82,,61527,,--,,0.00,,
06/01/2014,1555.69,,61303,,--,,0.00,,
06/02/2014,1555.69,,61303,,--,,0.00,,
06/03/2014,1555.69,,61303,,--,,0.00,,
06/04/2014,1555.69,,61303,,--,,0.00,,
06/05/2014,1555.60,,61148,,--,,0.00,,
06/06/2014,1555.60,,61148,,--,,0.00,,
06/07/2014,1555.52,,61010,,--,,0.00,,
06/08/2014,1555.52,,61010,,--,,0.00,,
06/09/2014,1555.47,,60925,,--,,0.00,,
06/10/2014,1555.47,,60925,,--,,0.00,,
06/11/2014,1555.47,,60925,,--,,0.00,,
06/12/2014,1555.47,,60925,,--,,0.00,,
06/13/2014,1555.30,,60633,,--,,0.00,,
06/14/2014,1555.38,,60770,,--,,0.00,,
06/15/2014,1555.33,,60684,,--,,0.00,,
06/16/2014,1555.25,,60547,,--,,0.00,,
06/17/2014,1555.25,,60547,,--,,0.00,,
06/18/2014,1555.25,,60547,,--,,0.00,,
06/19/2014,1555.25,,60547,,--,,0.00,,
06/20/2014,1555.16,,60393,,--,,0.00,,
06/21/2014,1555.16,,60393,,--,,0.00,,
06/22/2014,1555.16,,60393,,--,,0.00,,
06/23/2014,1555.00,,60120,,--,,0.00,,
06/24/2014,1555.40,,60804,,--,,0.00,,
06/25/2014,1555.16,,60393,,--,,0.00,,
06/26/2014,1555.16,,60393,,--,,0.00,,
06/27/2014,1555.16,,60393,,--,,0.00,,
06/28/2014,1555.08,,60257,,--,,0.00,,
06/29/2014,1555.08,,60257,,--,,0.00,,
06/30/2014,1555.00,,60120,,--,,0.00,,
07/01/2014,1555.08,,60257,,--,,0.00,,
07/02/2014,1555.03,,60171,,-86,,0.00,,
07/03/2014,1555.03,,60171,,0,,0.00,,
07/04/2014,1555.03,,60171,,0,,0.00,,
07/05/2014,1555.03,,60171,,0,,0.00,,
07/06/2014,1555.03,,60171,,0,,0.00,,
07/07/2014,1554.95,,60035,,-136,,0.00,,
07/08/2014,1554.95,,60035,,0,,0.00,,
07/09/2014,1554.95,,60035,,0,,0.00,,
07/10/2014,1554.95,,60035,,0,,0.00,,
07/11/2014,1554.95,,60035,,0,,0.00,,
07/12/2014,1555.03,,60171,,136,,0.00,,
07/13/2014,1555.11,,60308,,137,,0.00,,
07/14/2014,1555.14,,60359,,51,,0.00,,
07/15/2014,1555.30,,60633,,274,,0.00,,
07/16/2014,1555.30,,60633,,0,,0.00,,
07/17/2014,1555.30,,60633,,0,,0.00,,
07/18/2014,1555.38,,60770,,137,,0.00,,
07/19/2014,1555.38,,60770,,0,,0.00,,
07/20/2014,1555.38,,60770,,0,,0.00,,
07/21/2014,1555.80,,61492,,722,,0.00,,
07/22/2014,1555.70,,61320,,-172,,0.00,,
07/23/2014,1556.00,,61838,,518,,0.00,,
07/24/2014,1555.75,,61406,,-432,,0.00,,
07/25/2014,1555.80,,61492,,86,,0.00,,
07/26/2014,1555.80,,61492,,0,,0.00,,
07/27/2014,1555.80,,61492,,0,,0.00,,
07/28/2014,1555.85,,61579,,87,,0.00,,
07/29/2014,1555.80,,61492,,-87,,0.00,,
07/30/2014,1555.88,,61630,,138,,0.00,,
07/31/2014,1556.00,,61838,,208,,--,,
08/01/2014,1556.00,,61838,,0,,0.00,,
08/02/2014,1556.00,,61838,,0,,0.00,,
08/03/2014,1555.93,,61717,,-121,,0.26,,
08/04/2014,1556.07,,61959,,242,,1.35,,
08/05/2014,1556.08,,61976,,17,,0.00,,
08/06/2014,1556.02,,61872,,-104,,0.00,,
08/07/2014,1556.06,,61941,,69,,0.00,,
08/08/2014,1556.10,,62010,,69,,0.00,,
08/09/2014,1556.00,,61838,,-172,,0.00,,
08/10/2014,1556.10,,62010,,172,,0.00,,
08/11/2014,1556.13,,62062,,52,,--,,
08/12/2014,1556.09,,61993,,-69,,0.00,,
08/13/2014,1556.19,,62166,,173,,0.00,,
08/14/2014,1556.15,,62097,,-69,,0.00,,
08/15/2014,1556.14,,62080,,-17,,0.00,,
08/16/2014,1556.18,,62149,,69,,0.00,,
08/17/2014,1556.18,,62149,,0,,0.00,,
08/18/2014,1556.17,,62132,,-17,,0.00,,
08/19/2014,1556.18,,62149,,17,,0.00,,
08/20/2014,1556.23,,62236,,87,,0.06,,
08/21/2014,1556.20,,62184,,-52,,0.19,,
08/22/2014,1556.27,,62305,,121,,0.00,,
08/23/2014,1556.26,,62288,,-17,,0.00,,
08/24/2014,1556.28,,62322,,34,,0.00,,
08/25/2014,1556.24,,62253,,-69,,0.00,,
08/26/2014,1556.19,,62166,,-87,,0.00,,
08/27/2014,1556.17,,62132,,-34,,0.00,,
08/28/2014,1556.18,,62149,,17,,0.00,,
08/29/2014,1556.17,,62132,,-17,,0.00,,
08/30/2014,1556.20,,62184,,52,,0.00,,
08/31/2014,1556.13,,62062,,-122,,0.00,,
09/01/2014,1556.14,,62080,,18,,0.00,,
09/02/2014,1556.12,,62045,,-35,,0.00,,
09/03/2014,1555.97,,61786,,-259,,0.00,,
09/04/2014,1555.93,,61717,,-69,,0.00,,
09/05/2014,1555.76,,61423,,-294,,0.00,,
09/06/2014,1555.63,,61200,,-223,,0.00,,
09/07/2014,1555.40,,60804,,-396,,0.00,,
09/08/2014,1555.32,,60667,,-137,,0.02,,
09/09/2014,1555.17,,60411,,-256,,0.00,,
09/10/2014,1555.06,,60223,,-188,,0.00,,
09/11/2014,1554.95,,60035,,-188,,0.00,,
09/12/2014,1554.79,,59762,,-273,,0.00,,
09/13/2014,1554.60,,59439,,-323,,0.00,,
09/14/2014,1554.41,,59117,,-322,,0.00,,
09/15/2014,1554.33,,58982,,-135,,0.00,,
09/16/2014,1554.07,,58542,,-440,,0.00,,
09/17/2014,1553.95,,58340,,-202,,0.00,,
09/18/2014,1553.78,,58054,,-286,,0.00,,
09/19/2014,1553.63,,57802,,-252,,0.00,,
09/20/2014,1553.49,,57568,,-234,,0.00,,
09/21/2014,1553.35,,57334,,-234,,0.00,,
09/22/2014,1553.23,,57133,,-201,,0.00,,
09/23/2014,1553.08,,56883,,-250,,0.00,,
09/24/2014,1552.94,,56650,,-233,,0.00,,
09/25/2014,1552.81,,56434,,-216,,0.00,,
09/26/2014,1552.63,,56136,,-298,,0.00,,
09/27/2014,1552.49,,55904,,-232,,0.00,,
09/28/2014,1552.29,,55574,,-330,,0.00,,
09/29/2014,1552.15,,55344,,-230,,0.00,,
09/30/2014,1552.09,,55245,,-99,,0.00,,
10/01/2014,1551.92,,54966,,-279,,0.00,,
10/02/2014,1551.74,,54671,,-295,,0.00,,
10/03/2014,1551.62,,54475,,-196,,0.00,,
10/04/2014,1551.53,,54328,,-147,,0.00,,
10/05/2014,1551.36,,54051,,-277,,0.00,,
10/06/2014,1551.18,,53758,,-293,,0.00,,
10/07/2014,1550.98,,53434,,-324,,0.00,,
10/08/2014,1550.91,,53320,,-114,,0.00,,
10/09/2014,1550.82,,53175,,-145,,0.00,,
10/10/2014,1550.67,,52933,,-242,,0.00,,
10/11/2014,1550.51,,52675,,-258,,0.00,,
10/12/2014,1550.36,,52434,,-241,,0.00,,
10/13/2014,1550.19,,52161,,-273,,0.00,,
10/14/2014,1550.06,,51953,,-208,,0.00,,
10/15/2014,1549.98,,51825,,-128,,0.00,,
10/16/2014,1549.87,,51649,,-176,,0.00,,
10/17/2014,1549.73,,51426,,-223,,0.00,,
10/18/2014,1549.64,,51282,,-144,,0.00,,
10/19/2014,1549.51,,51076,,-206,,0.00,,
10/20/2014,1549.37,,50854,,-222,,0.00,,
10/21/2014,1549.32,,50774,,-80,,--,,
10/22/2014,1549.34,,50806,,32,,0.00,,
10/23/2014,1549.33,,50790,,-16,,0.00,,
10/24/2014,1549.34,,50806,,16,,0.00,,
10/25/2014,1549.31,,50759,,-47,,0.00,,
10/26/2014,1549.36,,50838,,79,,0.00,,
10/27/2014,1549.36,,50838,,0,,0.00,,
10/28/2014,1549.39,,50885,,47,,0.00,,
10/29/2014,1549.39,,50885,,0,,0.00,,
10/30/2014,1549.42,,50933,,48,,0.00,,
10/31/2014,1549.36,,50838,,-95,,0.00,,
11/01/2014,1549.24,,50648,,-190,,0.26,,
11/02/2014,1549.19,,50569,,-79,,0.01,,
11/03/2014,1549.08,,50395,,-174,,0.00,,
11/04/2014,1549.03,,50316,,-79,,0.00,,
11/05/2014,1548.79,,49938,,-378,,--,,
11/06/2014,1548.73,,49844,,-94,,--,,
11/07/2014,1548.68,,49765,,-79,,0.00,,
11/08/2014,1548.52,,49514,,-251,,0.00,,
11/09/2014,1548.35,,49248,,-266,,0.00,,
11/10/2014,1548.29,,49154,,-94,,0.00,,
11/11/2014,1548.10,,48858,,-296,,0.00,,
11/12/2014,1548.06,,48796,,-62,,0.00,,
11/13/2014,1547.98,,48671,,-125,,0.00,,
11/14/2014,1547.89,,48531,,-140,,0.00,,
11/15/2014,1547.74,,48298,,-233,,0.00,,
11/16/2014,1547.37,,47726,,-572,,0.00,,
11/17/2014,1547.30,,47618,,-108,,0.00,,
11/18/2014,1547.27,,47572,,-46,,0.00,,
11/19/2014,1547.20,,47465,,-107,,0.00,,
11/20/2014,1547.06,,47249,,-216,,0.00,,
11/21/2014,1547.02,,47188,,-61,,0.06,,
11/22/2014,1546.96,,47096,,-92,,0.00,,
11/23/2014,1546.72,,46729,,-367,,0.00,,
11/24/2014,1546.56,,46484,,-245,,0.00,,
11/25/2014,1546.60,,46545,,61,,0.00,,
11/26/2014,1546.45,,46317,,-228,,0.00,,
11/27/2014,1546.34,,46149,,-168,,0.00,,
11/28/2014,1546.28,,46058,,-91,,0.00,,
11/29/2014,1546.15,,45861,,-197,,0.00,,
11/30/2014,1546.01,,45649,,-212,,0.00,,
12/01/2014,1545.86,,45422,,-227,,0.00,,
12/02/2014,1545.87,,45437,,15,,0.05,,
12/03/2014,1545.89,,45468,,31,,0.87,,
12/04/2014,1545.82,,45362,,-106,,0.61,,
12/05/2014,1545.81,,45347,,-15,,--,,
12/06/2014,1545.73,,45226,,-121,,0.00,,
12/07/2014,1545.60,,45031,,-195,,0.00,,
12/08/2014,1545.61,,45046,,15,,0.00,,
12/09/2014,1545.52,,44910,,-136,,0.00,,
12/10/2014,1545.71,,45196,,286,,0.00,,
12/11/2014,1546.36,,46180,,984,,0.00,,
12/12/2014,1547.13,,47357,,1177,,2.12,,
12/13/2014,1547.77,,48345,,988,,0.57,,
12/14/2014,1548.35,,49248,,903,,0.00,,
12/15/2014,1548.83,,50001,,753,,0.00,,
12/16/2014,1549.20,,50585,,584,,0.03,,
12/17/2014,1549.27,,50695,,110,,0.20,,
12/18/2014,1549.32,,50774,,79,,0.00,,
12/19/2014,1549.30,,50743,,-31,,0.00,,
12/20/2014,1549.35,,50822,,79,,0.00,,
12/21/2014,1549.34,,50806,,-16,,0.00,,
12/22/2014,1549.33,,50790,,-16,,0.00,,
12/23/2014,1549.12,,50458,,-332,,0.00,,
12/24/2014,1549.20,,50585,,127,,0.00,,
12/25/2014,1549.08,,50395,,-190,,0.00,,
12/26/2014,1548.98,,50237,,-158,,0.00,,
12/27/2014,1549.02,,50300,,63,,0.00,,
12/28/2014,1549.03,,50316,,--,,0.00,,
12/29/2014,1548.92,,50143,,-173,,0.00,,
12/30/2014,1548.71,,49812,,-331,,0.00,,
12/31/2014,1548.80,,49954,,142,,0.18,,
01/01/2015,1548.78,,49922,,-32,,0.00,,
01/02/2015,1548.63,,49687,,-235,,0.00,,
01/03/2015,1548.53,,49530,,-157,,0.00,,
01/04/2015,1548.33,,49217,,-313,,0.00,,
01/05/2015,1548.34,,49232,,15,,0.00,,
01/06/2015,1548.24,,49076,,-156,,0.00,,
01/07/2015,1548.21,,49029,,-47,,0.00,,
01/08/2015,1548.15,,48936,,-93,,0.00,,
01/09/2015,1548.14,,48920,,-16,,0.00,,
01/10/2015,1548.08,,48827,,-93,,0.00,,
01/11/2015,1547.99,,48687,,-140,,0.07,,
01/12/2015,1547.92,,48578,,-109,,0.07,,
01/13/2015,1547.89,,48531,,-47,,0.00,,
01/14/2015,1547.90,,48547,,16,,0.00,,
01/15/2015,1547.82,,48422,,-125,,0.00,,
01/16/2015,1547.82,,48422,,0,,0.00,,
01/17/2015,1547.60,,48082,,-340,,0.00,,
01/18/2015,1547.50,,47927,,-155,,0.00,,
01/19/2015,1547.50,,47927,,0,,0.00,,
01/20/2015,1547.40,,47773,,-154,,0.00,,
01/21/2015,1547.10,,47311,,-462,,0.00,,
01/22/2015,1547.20,,47465,,154,,0.00,,
01/23/2015,1547.04,,47219,,-246,,0.00,,
01/24/2015,1547.00,,47157,,1203,,0.00,,
01/25/2015,1546.90,,47004,,-1418,,0.00,,
01/26/2015,1546.80,,46851,,0,,0.00,,
01/27/2015,1546.80,,46851,,0,,0.32,,
01/28/2015,1546.80,,46851,,0,,0.00,,
01/29/2015,1546.80,,46851,,0,,0.00,,
01/30/2015,1546.80,,46851,,0,,0.00,,
01/31/2015,1546.60,,46545,,-306,,0.00,,
02/01/2015,1546.60,,46545,,0,,0.00,,
02/02/2015,1546.60,,46545,,0,,0.00,,
02/03/2015,1546.40,,46241,,-304,,0.00,,
02/04/2015,1546.40,,46241,,0,,0.00,,
02/05/2015,1546.30,,46089,,-152,,0.00,,
02/06/2015,1546.30,,46089,,0,,0.00,,
02/07/2015,1546.30,,46089,,0,,0.00,,
02/08/2015,1546.00,,45634,,-455,,0.00,,
02/09/2015,1546.00,,45634,,0,,0.00,,
02/10/2015,1545.90,,45483,,-151,,0.00,,
02/11/2015,1545.90,,45483,,0,,0.00,,
02/12/2015,1545.60,,45031,,-452,,0.00,,
02/13/2015,1545.60,,45031,,0,,0.00,,
02/14/2015,1545.30,,44580,,-451,,0.00,,
02/15/2015,1545.30,,44580,,0,,0.00,,
02/16/2015,1545.30,,44580,,0,,0.00,,
02/17/2015,1545.10,,44281,,-299,,0.00,,
02/18/2015,1545.00,,44132,,-149,,0.00,,
02/19/2015,1544.90,,43986,,-146,,0.00,,
02/20/2015,1544.80,,43837,,-149,,0.00,,
02/21/2015,1544.80,,43837,,0,,0.01,,
02/22/2015,1544.70,,43687,,-150,,0.00,,
02/23/2015,1544.50,,43389,,-298,,0.35,,
02/24/2015,1544.40,,43240,,-149,,0.05,,
02/25/2015,1544.70,,43687,,447,,0.00,,
02/26/2015,1544.80,,43837,,150,,0.00,,
02/27/2015,1545.20,,44431,,594,,0.00,,
02/28/2015,1545.70,,45181,,750,,0.01,,
03/01/2015,1546.20,,45937,,756,,0.07,,
03/02/2015,1546.70,,46698,,761,,0.02,,
03/03/2015,1547.20,,47465,,767,,0.15,,
03/04/2015,1547.70,,48236,,771,,0.00,,
03/05/2015,1547.70,,48236,,0,,0.00,,
03/06/2015,1547.70,,48236,,0,,0.00,,
03/07/2015,1547.85,,48469,,233,,0.00,,
03/08/2015,1548.00,,48702,,233,,0.00,,
03/09/2015,1548.00,,48702,,0,,0.00,,
03/10/2015,1548.05,,48780,,78,,0.00,,
03/11/2015,1548.05,,48780,,0,,--,,
03/12/2015,1548.20,,49014,,234,,0.00,,
03/13/2015,1548.20,,49014,,0,,0.00,,
03/14/2015,1548.20,,49014,,0,,0.00,,
03/15/2015,1548.20,,49014,,0,,0.00,,
03/16/2015,1548.30,,49170,,156,,0.00,,
03/17/2015,1548.30,,49170,,0,,0.00,,
03/18/2015,1548.30,,49170,,0,,0.00,,
03/19/2015,1548.30,,49170,,0,,0.07,,
03/20/2015,1548.39,,49311,,141,,0.00,,
03/21/2015,1548.40,,49326,,15,,0.00,,
03/22/2015,1548.50,,49483,,157,,0.00,,
03/23/2015,1548.60,,49639,,156,,0.00,,
03/24/2015,1548.60,,49639,,0,,0.00,,
03/25/2015,1548.60,,49639,,0,,0.00,,
03/26/2015,1548.60,,49639,,0,,0.00,,
03/27/2015,1548.70,,49796,,157,,0.00,,
03/28/2015,1548.70,,49796,,0,,--,,
03/29/2015,1548.90,,50111,,315,,0.00,,
03/30/2015,1549.00,,50269,,158,,0.00,,
03/31/2015,1549.00,,50269,,0,,0.00,,
04/01/2015,1549.00,,50269,,0,,0.00,,
04/02/2015,1549.10,,50426,,157,,0.00,,
04/03/2015,1549.00,,50269,,-157,,0.00,,
04/04/2015,1549.10,,50426,,157,,0.00,,
04/05/2015,1549.10,,50426,,0,,0.00,,
04/06/2015,1549.10,,50426,,0,,0.00,,
04/07/2015,1549.10,,50426,,0,,--,,
04/08/2015,1549.20,,50585,,159,,0.00,,
04/09/2015,1549.30,,50743,,158,,0.00,,
04/10/2015,1549.40,,50901,,158,,0.00,,
04/11/2015,1549.40,,50901,,0,,0.00,,
04/12/2015,1549.30,,50743,,-158,,0.00,,
04/13/2015,1549.30,,50743,,0,,0.00,,
04/14/2015,1549.40,,50901,,158,,0.00,,
04/15/2015,1549.40,,50901,,0,,0.00,,
04/16/2015,1549.40,,50901,,0,,0.00,,
04/17/2015,1549.40,,50901,,0,,0.00,,
04/18/2015,1549.40,,50901,,0,,0.00,,
04/19/2015,1549.40,,50901,,0,,0.00,,
04/20/2015,1549.50,,51060,,159,,0.00,,
04/21/2015,1549.50,,51060,,0,,0.00,,
04/22/2015,1549.52,,51092,,32,,--,,
04/23/2015,1549.60,,51219,,127,,0.00,,
04/24/2015,1549.60,,51219,,0,,0.04,,
04/25/2015,1549.60,,51219,,0,,--,,
04/26/2015,1549.70,,51378,,159,,0.08,,
04/27/2015,1549.70,,51378,,0,,0.00,,
04/28/2015,1549.70,,51378,,0,,0.00,,
04/29/2015,1549.70,,51378,,0,,0.00,,
04/30/2015,1549.70,,51378,,0,,0.00,,
05/01/2015,1549.70,,51378,,0,,0.00,,
05/02/2015,1549.70,,51378,,0,,0.00,,
05/03/2015,1549.70,,51378,,--,,0.00,,
05/04/2015,1549.80,,51537,,159,,0.00,,
05/05/2015,1549.80,,51537,,--,,0.00,,
05/06/2015,1549.80,,51537,,0,,0.00,,
05/07/2015,1549.80,,51537,,0,,0.00,,
05/08/2015,1549.80,,51537,,0,,0.22,,
05/09/2015,1549.85,,51617,,80,,0.02,,
05/10/2015,1549.85,,51617,,0,,0.00,,
05/11/2015,1549.85,,51617,,0,,0.00,,
05/12/2015,1549.90,,51697,,80,,0.00,,
05/13/2015,1549.85,,51617,,-80,,0.00,,
05/14/2015,1550.00,,51857,,240,,0.00,,
05/15/2015,1550.00,,51857,,0,,0.31,,
05/16/2015,1550.00,,51857,,0,,0.01,,
05/17/2015,1550.00,,51857,,0,,0.00,,
05/18/2015,1550.00,,51857,,0,,0.00,,
05/19/2015,1550.00,,51857,,0,,0.00,,
05/20/2015,1550.00,,51857,,0,,0.00,,
05/21/2015,1550.00,,51857,,0,,0.00,,
05/22/2015,1550.00,,51857,,0,,0.00,,
05/23/2015,1550.00,,51857,,0,,0.00,,
05/24/2015,1550.20,,52177,,320,,0.00,,
05/25/2015,1550.20,,52177,,0,,0.00,,
05/26/2015,1550.20,,52177,,0,,0.00,,
05/27/2015,1550.20,,52177,,0,,0.00,,
05/28/2015,1550.20,,52177,,0,,0.00,,
05/29/2015,1550.20,,52177,,0,,0.00,,
05/30/2015,1550.20,,52177,,0,,0.00,,
05/31/2015,1550.20,,52177,,0,,--,,
06/01/2015,1550.20,,52177,,0,,0.00,,
06/02/2015,1550.20,,52177,,0,,0.00,,
06/03/2015,1550.20,,52177,,0,,0.00,,
06/04/2015,1550.20,,52177,,0,,0.00,,
06/05/2015,1550.40,,52498,,321,,0.00,,
06/06/2015,--,,--,,--,,--,,
